order_id,customer_id,order_ts,status,quantity,unit_price
1,168,2024-12-09 15:06:14,COMPLETED,23,838.98
2,151,2025-01-18 04:19:47,PENDING,12,741.36
3,75,2023-04-25 23:31:46,COMPLETED,16,640.02
4,493,2023-05-12 12:40:35,REFUNDED,3,429.35
5,418,2025-05-24 04:36:37,REFUNDED,19,463.32
6,296,2025-07-07 22:23:51,PENDING,12,284.77
7,64,2024-04-12 07:27:23,COMPLETED,10,472.25
8,318,2024-02-02 22:16:29,COMPLETED,14,879.52
9,442,2023-11-28 17:48:34,COMPLETED,10,72.89
10,305,2025-07-01 04:06:44,COMPLETED,9,855.85
11,459,2025-02-23 20:47:00,COMPLETED,8,585.22
12,83,2024-11-14 07:05:30,PENDING,4,481.10
13,54,2023-01-19 20:14:39,CANCELLED,13,30.10
14,66,2024-12-01 15:08:46,COMPLETED,15,465.84
15,53,2023-12-18 11:58:36,COMPLETED,25,859.36
16,441,2025-04-25 10:03:49,PENDING,15,446.43
17,130,2024-01-02 22:52:21,COMPLETED,20,621.90
18,196,2025-03-29 19:32:31,PENDING,2,894.73
19,121,2023-08-11 19:10:04,COMPLETED,7,299.08
20,397,2024-08-20 22:38:16,PENDING,21,97.54
21,190,2023-07-26 01:02:21,CANCELLED,24,862.11
22,367,2023-04-25 09:27:20,CANCELLED,22,580.67
23,187,2024-07-13 12:42:08,COMPLETED,10,35.78
24,116,2024-11-05 23:40:33,COMPLETED,6,297.41
25,320,2024-03-04 20:15:31,REFUNDED,23,880.20
26,312,2024-01-14 21:42:51,CANCELLED,14,404.80
27,327,2023-06-12 20:56:26,CANCELLED,16,192.51
28,300,2023-09-29 05:04:24,PENDING,11,603.61
29,246,2024-03-24 18:17:11,COMPLETED,6,87.79
30,197,2025-09-24 18:31:20,PENDING,4,612.21
31,132,2025-06-03 01:29:32,REFUNDED,4,385.83
32,138,2023-03-13 22:04:44,REFUNDED,21,58.72
33,364,2024-05-22 01:42:06,COMPLETED,1,715.94
34,302,2024-02-17 18:52:55,CANCELLED,12,88.07
35,447,2025-01-21 10:10:20,CANCELLED,7,568.86
36,207,2023-11-29 05:52:44,COMPLETED,6,696.20
37,291,2023-07-10 14:23:19,COMPLETED,8,818.86
38,205,2023-03-18 19:02:30,COMPLETED,18,294.92
39,128,2024-11-01 12:59:52,PENDING,16,833.83
40,211,2025-03-18 18:16:24,CANCELLED,21,520.17
41,358,2023-03-26 08:28:37,CANCELLED,24,218.78
42,188,2025-07-19 00:13:39,CANCELLED,4,627.88
43,252,2023-12-16 20:24:25,REFUNDED,6,882.56
44,403,2024-06-05 10:56:22,COMPLETED,3,567.07
45,256,2023-02-13 03:16:21,COMPLETED,18,563.30
46,125,2023-08-23 23:13:50,CANCELLED,13,132.07
47,485,2024-05-28 22:06:31,COMPLETED,13,395.12
48,15,2023-09-23 21:24:51,CANCELLED,25,525.18
49,192,2025-06-13 04:47:12,COMPLETED,22,776.01
50,139,2025-07-01 16:12:04,CANCELLED,8,492.84
51,161,2025-09-22 18:11:11,COMPLETED,15,789.73
52,400,2023-01-22 14:08:01,COMPLETED,1,285.99
53,229,2024-02-11 16:43:41,PENDING,22,96.81
54,498,2024-10-20 12:52:09,COMPLETED,9,274.03
55,266,2023-10-01 05:32:08,REFUNDED,17,188.47
56,7,2025-08-21 03:07:04,PENDING,18,671.66
57,301,2025-03-24 17:40:25,PENDING,20,511.00
58,58,2024-05-25 09:05:38,COMPLETED,1,551.78
59,54,2023-10-07 23:03:47,COMPLETED,20,541.26
60,76,2023-09-23 10:42:11,PENDING,7,716.85
61,211,2025-08-29 11:51:11,PENDING,7,834.43
62,408,2023-04-09 18:18:16,COMPLETED,3,438.09
63,44,2025-05-14 23:31:10,COMPLETED,19,445.14
64,373,2023-05-11 17:34:20,COMPLETED,9,183.08
65,395,2024-04-07 01:12:57,REFUNDED,11,892.53
66,294,2024-09-10 07:21:39,CANCELLED,11,803.01
67,305,2023-07-21 22:22:57,COMPLETED,1,231.66
68,374,2024-03-30 22:04:04,COMPLETED,23,720.12
69,347,2024-06-16 14:40:53,COMPLETED,8,535.66
70,485,2025-09-25 07:44:10,CANCELLED,18,469.52
71,163,2023-07-21 08:50:35,CANCELLED,19,141.30
72,5,2025-02-05 00:17:41,COMPLETED,2,117.92
73,391,2024-12-07 23:48:53,COMPLETED,23,74.61
74,256,2023-05-09 00:50:18,COMPLETED,6,785.44
75,446,2024-12-18 02:46:07,PENDING,24,634.34
76,163,2023-12-17 22:53:07,COMPLETED,7,572.38
77,242,2024-03-13 14:08:43,COMPLETED,20,314.40
78,299,2025-02-16 15:32:45,REFUNDED,9,836.46
79,279,2024-07-26 00:34:57,REFUNDED,23,145.67
80,447,2025-06-28 03:17:05,CANCELLED,19,188.80
81,287,2023-05-26 12:50:34,COMPLETED,24,279.62
82,410,2025-02-10 19:28:50,REFUNDED,9,104.48
83,23,2023-04-01 03:01:39,PENDING,17,530.62
84,307,2025-09-06 12:34:56,PENDING,1,318.06
85,393,2024-11-10 05:48:59,REFUNDED,23,469.05
86,455,2024-11-18 12:29:12,CANCELLED,5,799.90
87,6249,2023-09-18 09:33:07,COMPLETED,4,477.64
88,324,2023-02-19 04:23:12,PENDING,11,435.82
89,7225,2023-02-13 20:06:46,COMPLETED,14,817.67
90,220,2024-03-24 22:14:06,COMPLETED,20,140.50
91,3985,2024-07-28 07:37:14,REFUNDED,2,498.39
92,91,2023-08-27 13:56:26,COMPLETED,19,146.95
93,260,2025-09-05 14:54:38,CANCELLED,2,576.62
94,41,2024-08-13 17:49:39,COMPLETED,15,215.49
95,437,2024-03-04 18:33:00,CANCELLED,1,221.97
96,117,2024-08-06 05:35:49,PENDING,5,45.21
97,248,2023-10-08 01:17:08,CANCELLED,3,60.83
98,347,2023-02-04 04:24:06,COMPLETED,11,707.42
99,149,2025-05-04 20:16:02,COMPLETED,11,179.93
100,1,2025-06-05 19:53:48,CANCELLED,23,520.30
101,174,2023-05-10 03:25:40,REFUNDED,1,214.06
102,344,2023-01-24 09:33:42,COMPLETED,15,116.41
103,197,2023-12-11 10:31:36,REFUNDED,7,358.95
104,175,2024-08-07 09:59:03,CANCELLED,17,785.59
105,34,2025-08-07 09:43:37,PENDING,18,431.76
106,350,2024-10-27 13:01:14,REFUNDED,18,356.17
107,229,2024-11-19 04:59:58,COMPLETED,5,375.96
108,75,2025-03-07 13:16:40,REFUNDED,15,76.49
109,161,2023-10-04 03:16:19,COMPLETED,4,150.87
110,74,2025-04-24 10:56:55,REFUNDED,14,441.04
111,93,2023-03-29 14:49:22,PENDING,11,58.14
112,345,2024-11-17 21:20:11,PENDING,11,729.49
113,149,2024-01-20 21:21:23,PENDING,5,281.97
114,238,2023-02-05 18:09:18,CANCELLED,14,17.00
115,331,2024-03-07 22:57:02,CANCELLED,17,701.91
116,315,2023-01-13 20:55:12,COMPLETED,-1,799.49
117,420,2023-02-21 03:45:47,REFUNDED,11,682.48
118,82,2023-07-22 17:52:05,PENDING,25,830.06
119,140,2024-08-03 12:46:26,CANCELLED,21,724.91
120,301,2024-03-09 21:38:47,COMPLETED,6,84.91
121,249,2023-07-28 18:36:05,COMPLETED,23,621.13
122,120,2023-04-10 16:06:07,CANCELLED,18,570.85
123,20,2024-10-30 21:50:46,REFUNDED,25,215.57
124,382,2023-04-09 04:29:14,PENDING,21,732.58
125,179,2023-10-05 02:05:31,COMPLETED,10,711.73
126,88,2025-04-08 11:12:55,CANCELLED,15,790.16
127,222,2023-07-27 15:11:26,COMPLETED,5,654.55
128,210,2024-02-13 04:39:55,COMPLETED,19,202.09
129,140,2023-04-16 01:33:06,COMPLETED,4,831.54
130,58,2023-06-11 10:53:46,COMPLETED,3,36.83
131,39,2024-06-04 06:59:10,COMPLETED,6,439.25
132,232,2024-02-10 01:16:20,COMPLETED,2,206.46
133,29,2023-03-29 18:25:33,COMPLETED,5,759.17
134,100,2024-07-05 17:38:18,REFUNDED,5,79.26
135,203,2023-09-09 16:56:27,COMPLETED,2,410.46
136,387,2025-06-02 02:18:31,COMPLETED,8,655.57
137,265,2024-05-24 01:50:39,COMPLETED,12,362.52
138,89,2025-04-03 04:40:48,REFUNDED,14,327.31
139,325,2024-11-14 21:36:32,COMPLETED,3,575.23
140,9,2023-10-21 01:16:50,CANCELLED,18,7.99
141,447,2024-07-01 23:45:14,COMPLETED,3,289.80
142,97,2025-06-14 18:03:09,COMPLETED,16,110.31
143,435,2024-09-30 13:51:11,PENDING,0,366.93
144,152,2024-10-18 10:29:23,COMPLETED,24,433.60
145,71,2024-01-01 04:58:17,COMPLETED,8,205.83
146,267,2024-06-23 15:24:41,COMPLETED,9,740.73
147,73,2023-12-19 23:52:57,CANCELLED,25,258.13
148,318,2024-04-26 01:10:54,REFUNDED,13,449.26
149,418,2025-04-22 18:26:42,COMPLETED,6,441.91
150,378,2025-08-06 17:30:55,REFUNDED,15,592.94
151,133,2023-09-26 22:20:00,COMPLETED,15,19.59
152,85,2024-09-21 16:16:39,CANCELLED,6,681.98
153,218,2023-07-26 11:04:11,CANCELLED,23,467.79
154,244,2025-01-31 13:53:08,REFUNDED,21,396.59
155,318,2025-05-28 11:34:37,REFUNDED,21,751.34
156,341,2023-03-14 08:43:20,REFUNDED,2,638.15
157,441,2025-05-17 18:53:13,PENDING,9,131.62
158,251,2024-12-11 11:54:49,PENDING,13,164.94
159,374,2024-11-25 16:01:06,COMPLETED,7,437.72
160,134,2023-04-25 19:07:03,CANCELLED,21,718.25
161,173,2023-04-17 01:15:40,COMPLETED,13,540.36
162,189,2024-10-24 17:33:10,COMPLETED,4,776.89
163,128,2025-03-07 12:04:06,CANCELLED,20,270.10
164,437,2024-05-10 11:48:59,COMPLETED,17,383.23
165,154,2023-01-02 17:06:13,CANCELLED,10,118.29
166,373,2023-04-06 22:07:31,COMPLETED,14,410.81
167,13,2024-12-11 03:44:04,REFUNDED,1,455.58
168,181,2024-06-23 00:37:59,CANCELLED,24,526.76
169,178,2024-11-20 10:07:57,COMPLETED,2,891.86
170,362,2023-10-17 22:43:25,REFUNDED,5,725.68
171,82,2023-11-21 14:15:05,REFUNDED,19,847.05
172,331,2023-11-04 05:47:15,CANCELLED,10,78.29
173,204,2024-04-06 22:35:00,COMPLETED,15,6.17
174,7556,2024-05-13 02:06:22,COMPLETED,10,719.81
175,21,2024-05-27 20:12:11,PENDING,19,835.04
176,478,2024-09-19 04:18:32,COMPLETED,12,245.46
177,345,2023-08-15 19:59:55,COMPLETED,23,595.88
178,66,2025-03-26 19:36:01,COMPLETED,18,390.18
179,185,2024-11-10 17:36:59,COMPLETED,7,685.49
180,430,2023-08-10 19:04:23,PENDING,16,500.90
181,480,2023-07-25 12:35:16,COMPLETED,20,425.88
182,198,2025-07-20 23:16:50,PENDING,19,658.52
183,343,2024-01-03 09:16:20,REFUNDED,22,792.27
184,213,2024-10-29 03:15:14,REFUNDED,13,547.13
185,234,2023-12-27 20:20:00,PENDING,10,291.29
186,133,2023-05-17 11:16:43,COMPLETED,20,96.01
187,28,2023-03-04 13:13:42,PENDING,8,503.04
188,354,2025-01-09 20:41:42,PENDING,10,317.96
189,259,2025-09-06 07:49:39,PENDING,24,490.17
190,13,2023-10-06 21:51:02,COMPLETED,19,104.86
191,179,2025-01-27 22:00:59,CANCELLED,13,115.61
192,119,2023-03-29 01:35:00,COMPLETED,2,731.36
193,426,2024-06-19 00:52:20,COMPLETED,16,252.02
194,171,2023-03-18 23:48:30,COMPLETED,4,459.37
195,97,2025-06-05 12:15:03,CANCELLED,25,614.32
196,208,2024-12-08 01:00:40,COMPLETED,13,149.38
197,324,2024-12-05 16:22:50,CANCELLED,14,92.90
198,376,2023-09-29 17:11:34,REFUNDED,9,458.12
199,242,2023-04-18 18:04:45,REFUNDED,18,706.74
200,5732,2024-08-14 14:44:06,COMPLETED,21,556.85
201,245,2024-08-11 21:11:39,PENDING,17,461.23
202,353,2023-09-04 04:35:00,COMPLETED,7,277.82
203,3218,2023-09-18 21:38:16,PENDING,14,646.25
204,155,2024-07-22 15:57:46,COMPLETED,23,26.96
205,164,2024-11-03 09:16:09,REFUNDED,8,171.78
206,264,2024-06-20 19:05:17,COMPLETED,20,321.29
207,479,2023-06-24 18:34:33,COMPLETED,22,32.40
208,437,2024-03-18 09:55:30,COMPLETED,10,46.54
209,156,2024-05-17 06:37:19,COMPLETED,24,760.86
210,218,2023-08-04 15:04:01,COMPLETED,2,207.89
211,1806,2024-06-22 06:27:37,COMPLETED,4,190.05
212,324,2023-12-15 13:04:16,CANCELLED,21,806.51
213,247,2024-02-26 08:08:13,PENDING,7,585.24
214,5110,2024-11-20 09:27:44,CANCELLED,13,322.60
215,80,2024-03-14 11:26:09,REFUNDED,7,496.89
216,59,2024-02-26 03:23:00,PENDING,15,208.27
217,443,2024-01-02 06:19:33,COMPLETED,5,691.03
218,323,2023-04-27 02:18:32,COMPLETED,9,301.24
219,315,2023-06-29 11:50:42,CANCELLED,16,158.50
220,3,2025-07-02 09:34:12,COMPLETED,6,377.84
221,222,2023-08-19 22:40:17,COMPLETED,4,354.60
222,393,2024-02-16 12:39:05,COMPLETED,7,296.15
223,57,2025-04-26 11:28:32,REFUNDED,20,698.18
224,268,2023-03-01 20:25:22,COMPLETED,2,166.17
225,311,2023-07-26 18:15:59,CANCELLED,15,180.86
226,282,2023-06-15 21:03:03,COMPLETED,19,490.96
227,82,2025-02-04 23:08:27,CANCELLED,18,461.79
228,292,2024-11-16 02:02:51,REFUNDED,1,244.25
229,410,2024-04-28 12:03:39,CANCELLED,7,850.90
230,314,2023-06-03 09:16:05,COMPLETED,14,344.09
231,377,2025-03-21 06:49:45,COMPLETED,22,745.81
232,200,2025-06-15 23:24:04,PENDING,2,594.30
233,202,2025-04-14 09:15:15,COMPLETED,20,272.40
234,344,2024-07-01 04:52:33,PENDING,12,464.84
235,471,2023-12-07 16:45:37,CANCELLED,9,646.84
236,40,2024-03-02 20:51:19,COMPLETED,17,470.00
237,320,2024-05-31 06:10:05,CANCELLED,8,866.87
238,26,2023-02-06 06:03:55,COMPLETED,2,725.03
239,93,2025-09-05 10:47:29,COMPLETED,9,15.88
240,455,2024-04-11 01:48:28,REFUNDED,22,284.29
241,348,2023-08-24 09:26:17,COMPLETED,19,778.11
242,202,2025-08-06 19:47:19,PENDING,16,523.32
243,312,2024-03-12 08:50:11,COMPLETED,22,432.05
244,500,2023-02-19 14:27:08,COMPLETED,16,134.05
245,71,2023-11-24 08:18:55,REFUNDED,16,409.10
246,274,2024-03-27 15:18:39,COMPLETED,24,896.65
247,170,2024-04-21 20:58:00,COMPLETED,3,543.91
248,239,2023-09-29 05:41:48,COMPLETED,22,424.36
249,446,2025-01-29 11:14:54,COMPLETED,23,527.92
250,286,2025-06-15 08:39:21,PENDING,11,236.22
251,308,2024-05-03 15:13:42,REFUNDED,5,6.56
252,103,2023-10-09 09:52:53,COMPLETED,13,874.07
253,132,2023-11-28 08:02:16,COMPLETED,8,208.38
254,127,2024-06-15 05:35:11,COMPLETED,9,517.66
255,143,2025-05-11 18:51:54,CANCELLED,25,402.78
256,450,2024-01-08 23:17:58,PENDING,18,596.93
257,231,2023-08-21 10:48:57,COMPLETED,15,343.94
258,414,2023-09-15 05:09:45,COMPLETED,25,211.36
259,95,2024-04-11 05:33:17,REFUNDED,18,299.94
260,440,2025-08-09 06:22:35,COMPLETED,0,182.98
261,353,2024-02-26 12:16:40,CANCELLED,1,197.02
262,10393,2024-08-27 17:12:50,COMPLETED,6,113.56
263,46,2025-08-11 13:44:15,COMPLETED,6,773.26
264,269,2023-10-16 17:31:03,CANCELLED,13,414.33
265,154,2025-04-17 20:45:32,COMPLETED,18,260.82
266,265,2024-03-03 00:13:26,COMPLETED,3,436.01
267,421,2025-07-05 06:29:59,COMPLETED,20,468.07
268,316,2024-03-18 08:42:01,CANCELLED,23,41.13
269,179,2025-01-31 01:19:07,CANCELLED,18,752.46
270,103,2024-06-21 19:20:41,PENDING,11,100.67
271,37,2024-08-07 11:28:44,PENDING,5,186.26
272,205,2025-04-21 04:25:15,PENDING,8,159.86
273,333,2023-03-01 01:14:10,COMPLETED,14,886.16
274,175,2025-01-01 06:26:11,COMPLETED,10,468.22
275,299,2023-08-08 17:44:52,REFUNDED,5,658.88
276,405,2023-12-28 10:01:36,COMPLETED,23,361.00
277,174,2023-03-31 05:38:13,COMPLETED,25,193.70
278,135,2025-05-07 20:27:14,COMPLETED,25,161.17
279,257,2023-06-03 16:31:00,COMPLETED,16,461.82
280,17,2025-01-23 07:32:12,COMPLETED,13,190.61
281,6509,2024-08-11 20:58:08,CANCELLED,4,756.57
282,272,2024-02-08 11:16:56,COMPLETED,23,469.68
283,236,2025-02-27 21:55:44,CANCELLED,11,842.46
284,417,2025-01-05 08:24:05,COMPLETED,24,690.78
285,1,2024-12-03 12:53:59,PENDING,14,641.93
286,31,2024-04-09 00:54:26,COMPLETED,25,15.40
287,250,2023-08-26 12:38:44,COMPLETED,7,73.27
288,350,2024-11-02 23:36:31,REFUNDED,10,157.09
289,9705,2024-01-05 19:53:14,COMPLETED,7,382.73
290,495,2025-03-05 04:40:34,CANCELLED,7,284.67
291,349,2023-03-07 10:52:41,COMPLETED,6,208.43
292,63,2025-08-06 10:25:56,COMPLETED,7,518.06
293,413,2024-08-25 15:10:04,COMPLETED,4,186.36
294,8,2023-02-12 06:45:29,PENDING,3,857.84
295,446,2024-02-06 06:41:06,COMPLETED,13,829.21
296,205,2023-10-13 17:54:23,PENDING,23,157.56
297,149,2024-10-16 20:11:51,PENDING,13,106.31
298,286,2024-10-04 02:39:18,COMPLETED,22,600.39
299,270,2023-09-29 00:06:21,REFUNDED,10,302.04
300,56,2024-10-18 17:07:04,COMPLETED,3,260.90
301,191,2025-08-18 18:21:38,CANCELLED,8,200.76
302,263,2024-04-13 22:01:34,REFUNDED,17,588.28
303,174,2024-05-29 06:45:46,COMPLETED,12,529.49
304,236,2025-07-01 14:05:49,COMPLETED,21,130.43
305,187,2023-02-21 18:11:39,COMPLETED,1,540.69
306,372,2023-02-21 05:47:10,PENDING,13,780.66
307,490,2024-02-18 23:37:24,COMPLETED,15,765.67
308,377,2024-01-27 02:59:06,PENDING,6,412.56
309,8,2023-02-20 02:18:48,PENDING,15,851.63
310,145,2025-02-19 11:12:04,CANCELLED,11,306.80
311,215,2023-07-01 18:06:26,CANCELLED,24,592.95
312,99,2025-03-19 21:31:48,CANCELLED,5,720.00
313,316,2023-09-16 19:14:03,CANCELLED,22,796.22
314,442,2023-04-30 20:32:00,COMPLETED,11,365.51
315,304,2023-08-05 07:16:16,PENDING,24,218.42
316,419,2023-03-16 14:25:03,COMPLETED,22,778.15
317,477,2023-05-05 17:42:43,COMPLETED,1,651.70
318,422,2023-08-30 11:22:03,REFUNDED,8,472.30
319,37,2025-08-31 01:01:09,REFUNDED,20,515.68
320,400,2023-10-21 17:10:29,COMPLETED,4,733.69
321,478,2023-08-26 15:25:01,CANCELLED,22,577.98
322,65,2025-07-08 04:41:13,CANCELLED,5,696.26
323,164,2023-11-28 06:02:23,CANCELLED,14,476.79
324,148,2024-05-06 05:14:44,COMPLETED,25,195.08
325,169,2023-07-29 00:40:11,CANCELLED,9,73.75
326,374,2024-09-15 00:20:23,COMPLETED,21,621.00
327,255,2023-03-27 11:00:01,REFUNDED,1,111.09
328,4,2023-07-21 14:24:27,COMPLETED,9,739.61
329,304,2024-10-11 00:16:24,COMPLETED,20,380.92
330,208,2024-10-14 22:00:50,COMPLETED,2,816.66
331,478,2025-02-15 08:48:15,REFUNDED,24,116.55
332,352,2023-06-13 18:20:09,COMPLETED,24,452.96
333,178,2025-04-01 13:26:09,CANCELLED,23,118.49
334,237,2023-01-21 12:19:21,REFUNDED,11,476.39
335,215,2023-11-10 02:43:50,REFUNDED,8,129.75
336,50,2025-05-12 02:14:52,COMPLETED,16,674.56
337,10,2023-04-11 21:31:52,PENDING,12,300.89
338,344,2025-07-23 19:16:31,COMPLETED,9,249.48
339,449,2025-07-14 03:34:37,REFUNDED,11,763.65
340,224,2025-06-02 12:38:00,COMPLETED,6,573.82
341,485,2024-04-14 05:24:14,COMPLETED,6,843.09
342,219,2025-03-03 17:29:39,PENDING,18,756.43
343,271,2023-04-28 19:51:36,REFUNDED,1,187.23
344,117,2023-01-15 01:15:49,COMPLETED,6,716.47
345,330,2023-10-07 23:45:35,PENDING,20,538.16
346,265,2024-08-16 11:07:01,COMPLETED,16,555.84
347,68,2025-05-04 06:19:19,CANCELLED,7,142.67
348,5889,2025-09-10 23:58:31,COMPLETED,16,717.57
349,64,2024-04-23 06:53:52,REFUNDED,19,682.22
350,428,2024-07-26 06:49:49,REFUNDED,13,299.06
351,289,2024-03-19 12:46:57,COMPLETED,15,612.85
352,42,2025-08-01 04:26:26,COMPLETED,23,750.88
353,102,2024-05-10 13:20:54,REFUNDED,20,63.00
354,229,2023-12-08 06:41:22,COMPLETED,20,398.64
355,227,2025-07-15 14:40:59,CANCELLED,13,211.22
356,444,2023-01-18 13:01:42,COMPLETED,15,377.89
357,239,2024-04-11 15:56:51,COMPLETED,9,173.42
358,319,2023-05-10 18:59:44,COMPLETED,19,319.51
359,459,2023-04-15 22:49:15,PENDING,9,505.64
360,411,2024-11-16 11:14:27,COMPLETED,14,409.51
361,497,2023-05-21 01:21:15,PENDING,24,798.94
362,391,2025-07-11 17:58:56,COMPLETED,13,120.18
363,233,2024-11-04 17:54:10,REFUNDED,20,14.05
364,64,2024-09-27 11:41:25,COMPLETED,1,777.47
365,257,2023-01-20 20:02:33,COMPLETED,13,574.93
366,198,2025-05-05 19:04:46,COMPLETED,15,48.25
367,137,2023-12-21 23:54:07,COMPLETED,4,87.72
368,411,2024-01-21 04:31:02,PENDING,21,856.25
369,13,2023-02-25 11:07:00,COMPLETED,20,533.04
370,364,2025-08-05 02:46:16,REFUNDED,5,81.83
371,237,2025-09-23 00:46:07,COMPLETED,18,181.64
372,79,2024-05-27 11:22:45,PENDING,6,697.40
373,26,2024-12-27 15:44:00,PENDING,16,391.89
374,465,2024-07-05 02:43:48,COMPLETED,9,560.26
375,490,2024-05-07 01:10:21,COMPLETED,16,518.76
376,191,2024-11-24 16:35:44,COMPLETED,7,576.44
377,420,2025-02-25 04:07:25,PENDING,17,21.00
378,327,2024-06-08 06:41:11,CANCELLED,5,89.87
379,2,2023-05-01 08:49:56,CANCELLED,17,76.91
380,137,2025-06-16 23:24:16,PENDING,24,729.22
381,441,2024-01-18 12:13:37,COMPLETED,10,569.20
382,164,2023-10-13 06:18:50,COMPLETED,1,13.45
383,270,2025-09-13 16:20:35,COMPLETED,16,794.93
384,10071,2025-01-25 14:30:42,REFUNDED,22,640.42
385,406,2025-09-19 01:28:58,CANCELLED,21,43.44
386,479,2024-03-06 23:39:25,REFUNDED,14,432.91
387,497,2025-09-06 15:55:20,COMPLETED,1,703.09
388,479,2024-10-04 19:39:24,PENDING,16,311.42
389,110,2025-06-04 06:13:36,COMPLETED,22,573.98
390,409,2024-12-19 08:35:17,PENDING,9,103.74
391,128,2024-11-01 11:41:39,PENDING,25,612.11
392,290,2025-02-20 21:32:48,CANCELLED,4,269.05
393,2791,2023-08-16 23:56:01,CANCELLED,10,250.58
394,121,2023-06-25 10:34:10,PENDING,17,437.86
395,148,2024-01-25 22:05:38,CANCELLED,6,555.20
396,390,2024-09-06 23:41:40,PENDING,12,647.45
397,349,2024-07-26 04:12:00,PENDING,23,391.48
398,331,2025-02-06 07:30:19,CANCELLED,3,491.96
399,62,2024-08-30 06:34:38,CANCELLED,8,60.89
400,68,2023-10-08 21:43:23,REFUNDED,7,306.75
401,192,2023-01-03 18:37:00,COMPLETED,3,219.79
402,32,2023-01-15 16:04:19,PENDING,16,661.06
403,141,2023-05-03 09:44:16,REFUNDED,17,251.48
404,335,2024-11-20 20:49:25,COMPLETED,16,857.69
405,73,2024-04-26 18:00:39,REFUNDED,13,809.27
406,124,2023-01-17 18:39:58,REFUNDED,3,767.13
407,299,2025-09-06 00:03:53,PENDING,21,107.67
408,454,2025-07-03 04:19:03,CANCELLED,7,606.43
409,400,2023-07-15 14:41:14,COMPLETED,6,773.06
410,157,2023-05-03 13:19:09,CANCELLED,7,494.66
411,426,2024-08-31 01:49:35,COMPLETED,22,838.72
412,429,2025-09-12 02:51:31,COMPLETED,9,152.04
413,101,2023-03-30 04:47:41,PENDING,17,750.60
414,80,2025-07-31 17:39:55,COMPLETED,9,831.25
415,261,2023-05-05 13:42:33,REFUNDED,17,362.60
416,304,2025-08-16 09:36:00,COMPLETED,21,288.07
417,94,2024-02-16 16:28:31,COMPLETED,5,601.93
418,418,2023-08-12 10:20:03,COMPLETED,11,130.26
419,118,2025-07-01 14:30:29,COMPLETED,18,460.05
420,182,2024-05-28 10:24:56,COMPLETED,3,244.44
421,184,2024-07-17 15:45:46,REFUNDED,11,502.82
422,414,2024-08-14 23:11:15,COMPLETED,14,299.37
423,35,2023-03-12 22:54:06,COMPLETED,19,719.95
424,122,2024-02-02 07:26:13,COMPLETED,4,137.12
425,72,2023-07-29 19:01:25,REFUNDED,14,364.82
426,434,2023-05-21 09:34:26,PENDING,4,599.60
427,283,2024-12-06 09:20:57,CANCELLED,23,601.68
428,451,2023-02-08 12:25:01,COMPLETED,13,559.56
429,484,2024-08-12 00:54:23,REFUNDED,13,437.60
430,38,2025-06-25 08:16:41,REFUNDED,7,533.50
431,64,2024-07-14 21:25:43,REFUNDED,18,757.16
432,353,2023-09-08 20:56:45,REFUNDED,9,713.40
433,220,2025-05-22 17:14:10,COMPLETED,16,623.37
434,61,2024-05-09 22:06:36,COMPLETED,25,538.65
435,57,2025-07-17 22:50:59,COMPLETED,6,450.66
436,435,2025-09-15 07:27:51,PENDING,1,195.82
437,397,2024-02-11 10:21:26,REFUNDED,9,370.81
438,196,2024-08-22 09:59:38,COMPLETED,13,27.66
439,156,2025-04-22 02:36:39,COMPLETED,21,647.86
440,78,2025-08-26 22:37:59,CANCELLED,0,299.28
441,72,2025-09-06 11:09:23,COMPLETED,24,104.28
442,22,2025-07-11 19:58:54,PENDING,22,737.11
443,377,2024-01-03 21:10:06,CANCELLED,17,790.92
444,338,2024-03-23 00:11:27,CANCELLED,6,886.47
445,134,2024-10-20 12:24:10,CANCELLED,24,384.38
446,296,2024-12-03 02:11:07,REFUNDED,4,613.92
447,437,2023-04-11 07:55:14,COMPLETED,17,751.67
448,268,2023-02-22 16:36:39,REFUNDED,13,633.45
449,286,2024-01-31 19:45:35,REFUNDED,13,825.86
450,35,2024-02-29 20:57:23,COMPLETED,2,285.64
451,201,2025-03-14 02:45:27,COMPLETED,1,476.15
452,5,2023-06-24 14:33:49,COMPLETED,20,384.19
453,482,2023-06-10 02:29:51,REFUNDED,3,87.44
454,404,2025-07-14 09:01:56,CANCELLED,1,883.47
455,254,2024-08-23 21:19:24,REFUNDED,21,824.30
456,367,2025-08-04 05:53:17,COMPLETED,17,145.26
457,65,2024-01-30 02:22:15,REFUNDED,21,148.30
458,421,2023-06-06 02:22:56,COMPLETED,16,168.76
459,260,2023-03-31 17:43:33,REFUNDED,4,810.38
460,174,2025-04-03 18:08:39,CANCELLED,2,259.82
461,104,2024-08-30 01:23:51,COMPLETED,11,71.41
462,155,2024-07-25 19:10:47,PENDING,5,109.38
463,255,2024-06-05 13:11:40,COMPLETED,16,894.36
464,295,2024-03-04 16:49:36,COMPLETED,10,380.37
465,367,2024-09-25 11:51:32,PENDING,21,273.36
466,67,2023-08-05 10:16:46,REFUNDED,7,480.28
467,29,2024-10-18 18:38:31,COMPLETED,9,458.17
468,298,2024-09-02 20:16:35,COMPLETED,16,642.62
469,160,2023-05-13 09:34:56,COMPLETED,19,147.12
470,487,2023-09-07 07:36:13,REFUNDED,2,889.69
471,420,2023-06-08 11:40:33,CANCELLED,7,899.74
472,177,2024-05-27 04:32:10,COMPLETED,2,855.37
473,290,2024-01-09 14:45:30,PENDING,23,693.99
474,211,2025-03-09 05:31:40,COMPLETED,18,39.14
475,366,2023-04-01 17:21:13,COMPLETED,4,850.36
476,119,2023-05-11 13:47:21,COMPLETED,4,446.19
477,1,2025-02-10 09:45:05,CANCELLED,16,326.31
478,143,2025-04-17 05:01:00,COMPLETED,17,360.52
479,10,2023-06-16 00:04:51,PENDING,17,886.39
480,349,2024-01-26 05:04:48,COMPLETED,18,309.61
481,134,2024-10-14 22:35:43,COMPLETED,7,450.11
482,356,2024-02-10 11:11:26,PENDING,3,9.19
483,359,2024-08-24 07:48:14,COMPLETED,11,639.85
484,276,2023-12-10 09:47:11,COMPLETED,18,781.46
485,155,2024-06-12 02:19:00,REFUNDED,19,617.18
486,170,2024-10-04 20:04:40,PENDING,23,97.94
487,341,2023-12-07 20:56:02,REFUNDED,24,422.42
488,7921,2025-06-21 19:13:15,CANCELLED,3,96.07
489,141,2025-05-24 18:19:04,COMPLETED,6,351.72
490,185,2024-07-30 23:09:25,PENDING,17,155.91
491,275,2024-02-11 05:56:31,COMPLETED,10,473.46
492,16,2023-08-19 13:25:58,CANCELLED,11,786.49
493,282,2024-11-23 15:37:30,COMPLETED,15,230.27
494,8,2024-01-16 18:29:13,COMPLETED,10,263.27
495,413,2025-07-24 06:31:12,COMPLETED,10,440.73
496,393,2023-12-14 02:52:07,COMPLETED,21,626.19
497,91,2025-06-02 05:48:16,COMPLETED,16,133.81
498,156,2024-03-28 21:23:41,REFUNDED,11,692.53
499,169,2025-05-15 09:08:54,COMPLETED,15,799.98
500,445,2025-04-21 01:34:53,COMPLETED,20,63.96
501,318,2024-08-07 21:24:18,COMPLETED,5,528.76
502,294,2024-12-21 05:45:48,COMPLETED,14,230.87
503,377,2023-08-30 06:10:21,PENDING,11,546.58
504,413,2024-10-27 10:11:49,COMPLETED,2,535.15
505,179,2023-04-04 00:07:38,PENDING,15,516.87
506,139,2024-10-26 07:34:24,REFUNDED,15,603.91
507,130,2023-04-06 08:27:40,COMPLETED,3,840.91
508,62,2025-07-24 11:41:07,CANCELLED,21,61.55
509,430,2024-09-08 14:29:30,CANCELLED,19,151.21
510,215,2023-06-30 21:52:45,PENDING,10,472.32
511,493,2024-10-29 19:58:04,COMPLETED,1,236.79
512,35,2025-02-13 23:08:43,COMPLETED,6,421.01
513,20,2025-04-26 16:11:08,REFUNDED,0,240.55
514,468,2025-08-27 00:38:32,PENDING,22,23.57
515,103,2024-07-07 14:12:41,COMPLETED,25,471.99
516,464,2023-03-27 21:26:07,COMPLETED,-5,700.39
517,388,2024-05-31 18:13:57,COMPLETED,19,788.67
518,318,2023-05-23 22:20:51,PENDING,24,330.21
519,320,2023-10-10 05:12:43,COMPLETED,2,401.88
520,274,2025-09-01 18:59:48,COMPLETED,20,135.36
521,16,2023-01-11 00:18:32,COMPLETED,24,696.25
522,493,2024-12-24 22:14:44,COMPLETED,2,494.55
523,341,2025-08-17 10:09:03,PENDING,12,796.14
524,349,2025-05-15 22:34:36,COMPLETED,20,167.99
525,401,2023-12-26 14:16:29,COMPLETED,3,563.20
526,19,2023-01-31 12:57:32,COMPLETED,18,554.64
527,48,2025-08-21 21:56:42,CANCELLED,17,281.67
528,104,2024-02-24 18:02:43,COMPLETED,19,890.32
529,133,2024-12-15 12:38:51,REFUNDED,15,414.22
530,354,2023-04-05 20:36:42,CANCELLED,15,164.52
531,325,2024-09-23 23:00:50,COMPLETED,11,410.93
532,390,2024-03-29 09:51:53,PENDING,18,556.60
533,413,2023-10-12 16:51:46,COMPLETED,8,555.21
534,308,2023-02-21 00:06:15,COMPLETED,8,203.10
535,56,2024-07-29 05:46:36,COMPLETED,13,149.09
536,324,2023-05-09 06:45:39,CANCELLED,-5,821.52
537,16,2024-02-25 01:28:31,COMPLETED,24,583.86
538,47,2023-03-03 00:39:43,REFUNDED,14,720.45
539,312,2025-03-30 11:14:50,COMPLETED,19,148.21
540,276,2024-08-18 18:10:57,COMPLETED,13,548.08
541,202,2024-04-13 00:14:13,COMPLETED,14,165.41
542,441,2025-02-10 22:09:45,COMPLETED,19,256.80
543,1,2023-09-22 02:38:05,COMPLETED,14,686.54
544,260,2024-01-29 05:14:14,COMPLETED,16,682.65
545,173,2024-03-16 08:58:41,COMPLETED,10,337.41
546,453,2024-09-21 21:03:31,COMPLETED,22,485.52
547,259,2024-12-29 07:28:58,REFUNDED,1,431.78
548,478,2024-03-20 20:27:25,REFUNDED,24,863.75
549,415,2025-08-28 06:00:22,CANCELLED,18,457.15
550,45,2025-07-08 23:19:17,COMPLETED,2,581.19
551,141,2023-03-19 12:47:36,COMPLETED,21,334.51
552,59,2025-06-19 04:45:46,COMPLETED,2,816.15
553,415,2024-01-04 09:41:57,COMPLETED,17,431.49
554,74,2025-04-07 23:07:22,COMPLETED,11,257.30
555,377,2024-02-19 13:04:12,REFUNDED,19,199.24
556,252,2023-04-05 16:44:51,COMPLETED,3,477.95
557,145,2023-01-01 05:05:54,PENDING,6,73.06
558,438,2024-01-23 23:50:21,COMPLETED,13,118.59
559,281,2024-05-26 22:21:05,COMPLETED,7,272.02
560,313,2024-12-16 15:31:23,COMPLETED,1,587.84
561,134,2024-09-15 04:07:56,REFUNDED,8,548.74
562,209,2025-04-05 03:16:36,PENDING,22,33.34
563,183,2025-03-29 12:19:32,COMPLETED,22,119.56
564,18,2024-09-25 03:33:32,COMPLETED,2,68.78
565,397,2024-05-01 09:02:38,PENDING,25,54.88
566,190,2025-07-15 04:25:31,COMPLETED,4,609.07
567,335,2025-05-28 13:38:25,PENDING,-5,102.58
568,68,2023-03-20 07:49:15,CANCELLED,9,648.77
569,274,2024-06-12 19:17:03,COMPLETED,20,186.25
570,490,2023-07-27 06:40:40,CANCELLED,5,428.59
571,380,2024-03-20 14:28:34,COMPLETED,23,41.58
572,319,2025-05-08 10:13:13,COMPLETED,17,360.04
573,349,2024-08-03 15:51:53,PENDING,20,527.60
574,354,2025-03-22 20:09:55,COMPLETED,4,842.61
575,269,2025-08-19 09:34:49,REFUNDED,1,558.60
576,390,2023-04-02 19:25:07,REFUNDED,8,690.82
577,83,2024-09-16 12:25:57,PENDING,24,560.60
578,137,2024-12-26 12:31:54,REFUNDED,21,830.89
579,17,2024-04-04 08:21:22,REFUNDED,11,323.44
580,293,2024-02-29 23:13:51,REFUNDED,4,251.29
581,454,2025-02-08 12:16:41,COMPLETED,10,783.55
582,457,2024-11-01 00:48:01,PENDING,7,97.01
583,126,2023-01-10 00:21:40,COMPLETED,11,237.36
584,327,2024-11-08 04:01:48,CANCELLED,3,70.05
585,468,2024-01-27 06:24:24,CANCELLED,5,714.36
586,468,2024-11-10 04:14:29,COMPLETED,23,525.71
587,222,2024-09-06 01:26:10,COMPLETED,20,178.47
588,213,2023-09-10 18:50:44,COMPLETED,13,15.36
589,343,2023-11-07 18:37:27,COMPLETED,21,887.19
590,115,2025-08-21 23:51:53,COMPLETED,20,583.74
591,450,2024-12-29 12:19:12,REFUNDED,22,190.65
592,177,2024-06-29 01:05:08,PENDING,14,781.71
593,72,2024-01-12 17:35:25,COMPLETED,6,215.39
594,370,2024-11-22 18:32:20,COMPLETED,23,273.88
595,340,2024-05-05 13:30:11,REFUNDED,1,747.09
596,186,2023-08-31 17:04:26,REFUNDED,-1,127.05
597,288,2023-05-23 00:38:34,REFUNDED,12,311.69
598,189,2023-04-21 14:21:37,PENDING,13,104.28
599,451,2024-12-12 19:46:09,CANCELLED,9,96.30
600,134,2023-12-15 02:23:40,REFUNDED,13,827.93
601,479,2024-10-03 08:27:52,PENDING,2,536.18
602,160,2025-03-21 15:03:11,CANCELLED,17,718.49
603,406,2024-11-22 00:37:56,REFUNDED,14,687.03
604,459,2023-02-05 11:51:37,PENDING,18,130.28
605,357,2023-12-05 16:35:13,REFUNDED,8,310.42
606,78,2024-02-11 02:00:33,REFUNDED,18,477.21
607,381,2023-12-25 23:57:45,COMPLETED,22,290.20
608,247,2024-01-13 08:46:08,PENDING,18,504.28
609,427,2025-07-29 00:11:11,REFUNDED,3,658.92
610,430,2023-01-24 12:47:01,COMPLETED,7,125.75
611,288,2025-05-10 14:04:01,COMPLETED,18,636.43
612,256,2025-09-21 16:33:21,COMPLETED,17,689.98
613,90,2025-07-19 08:46:41,REFUNDED,5,408.37
614,1,2024-10-03 14:53:08,CANCELLED,6,72.09
615,115,2024-08-14 01:16:13,CANCELLED,-5,60.10
616,235,2025-07-14 04:05:55,PENDING,15,895.85
617,5520,2025-07-04 19:44:21,PENDING,18,698.56
618,424,2024-09-14 00:00:33,PENDING,25,756.96
619,322,2024-08-31 14:07:02,PENDING,17,192.78
620,284,2024-10-23 11:51:59,PENDING,22,297.59
621,291,2024-03-04 01:59:58,COMPLETED,4,624.51
622,65,2024-07-26 18:24:00,PENDING,20,880.09
623,250,2023-11-12 04:30:12,PENDING,6,850.49
624,102,2024-04-27 12:41:52,COMPLETED,12,758.33
625,132,2024-05-17 12:59:06,COMPLETED,21,541.48
626,8,2025-01-06 05:58:09,CANCELLED,1,818.69
627,26,2024-12-24 18:53:14,COMPLETED,5,739.00
628,204,2025-08-25 23:49:35,COMPLETED,24,881.45
629,105,2023-04-12 17:07:36,PENDING,4,599.54
630,132,2023-09-05 21:04:49,CANCELLED,22,700.72
631,2,2024-11-25 21:55:01,CANCELLED,22,769.35
632,246,2023-09-11 21:24:43,COMPLETED,13,37.27
633,453,2025-02-09 11:50:43,COMPLETED,3,358.81
634,298,2024-09-30 03:42:23,PENDING,24,757.38
635,217,2024-09-15 17:03:44,REFUNDED,19,701.36
636,117,2023-02-10 08:29:57,COMPLETED,24,151.89
637,403,2024-08-01 16:19:41,PENDING,17,878.86
638,492,2023-10-13 17:09:13,COMPLETED,10,330.00
639,346,2024-04-15 00:42:43,COMPLETED,25,481.70
640,337,2025-06-28 04:15:35,COMPLETED,16,38.39
641,381,2023-08-07 00:10:49,CANCELLED,4,411.89
642,283,2023-01-02 00:22:05,COMPLETED,2,865.47
643,214,2024-01-10 22:43:02,COMPLETED,9,590.81
644,120,2023-05-01 14:03:13,CANCELLED,4,118.04
645,443,2023-10-11 17:30:00,CANCELLED,19,211.50
646,209,2025-07-11 10:29:34,COMPLETED,7,727.66
647,98,2025-04-18 17:28:39,COMPLETED,6,37.86
648,152,2024-06-11 13:42:35,COMPLETED,12,843.16
649,109,2024-06-21 08:50:24,CANCELLED,25,864.51
650,404,2023-12-22 13:46:57,COMPLETED,7,477.97
651,364,2025-01-13 10:53:30,CANCELLED,2,188.40
652,267,2023-01-25 16:55:01,CANCELLED,17,731.09
653,343,2024-06-30 03:01:34,COMPLETED,7,301.39
654,400,2024-01-16 01:45:20,REFUNDED,23,213.06
655,234,2023-05-18 12:31:53,PENDING,16,800.79
656,22,2023-08-30 06:12:36,PENDING,14,729.63
657,296,2025-02-01 05:01:47,COMPLETED,10,484.04
658,118,2023-07-02 21:43:48,REFUNDED,1,281.78
659,139,2024-02-23 06:19:00,COMPLETED,5,895.67
660,375,2024-04-21 04:02:45,PENDING,25,256.18
661,311,2024-06-17 09:12:32,COMPLETED,5,707.61
662,410,2025-01-17 06:02:13,PENDING,23,535.18
663,281,2024-09-06 07:39:31,REFUNDED,10,31.34
664,449,2024-09-28 17:55:17,COMPLETED,8,45.93
665,51,2024-06-01 09:24:19,COMPLETED,18,890.62
666,384,2023-10-19 22:51:08,PENDING,10,459.44
667,350,2025-02-17 16:04:19,COMPLETED,21,266.15
668,2,2025-03-14 00:23:21,CANCELLED,5,703.40
669,339,2023-04-21 11:54:29,PENDING,14,406.96
670,313,2024-08-20 08:06:06,COMPLETED,24,778.36
671,1685,2025-07-25 10:40:13,COMPLETED,13,478.82
672,141,2024-08-10 06:13:22,COMPLETED,23,489.72
673,51,2025-03-06 10:02:03,COMPLETED,14,850.42
674,229,2023-05-27 01:15:55,COMPLETED,19,809.87
675,292,2023-02-28 16:41:59,COMPLETED,2,593.30
676,335,2025-08-03 00:33:30,COMPLETED,18,360.28
677,283,2024-06-09 16:07:53,CANCELLED,3,444.07
678,413,2023-01-26 19:42:19,COMPLETED,22,202.16
679,299,2025-07-09 23:50:52,COMPLETED,5,70.16
680,77,2025-08-21 20:57:05,COMPLETED,9,800.59
681,425,2024-11-15 03:12:04,REFUNDED,9,747.73
682,297,2023-04-22 05:45:39,REFUNDED,17,590.84
683,460,2024-11-03 20:49:33,REFUNDED,4,737.34
684,408,2025-08-05 21:24:19,COMPLETED,20,218.09
685,19,2025-03-05 23:35:17,REFUNDED,15,357.90
686,296,2025-07-04 22:54:21,REFUNDED,9,157.99
687,76,2024-07-20 08:18:32,REFUNDED,-5,497.40
688,11,2024-07-02 02:58:29,COMPLETED,22,499.00
689,307,2025-05-31 23:58:58,PENDING,23,61.31
690,203,2025-08-02 20:58:25,COMPLETED,18,243.36
691,54,2023-01-10 07:46:33,REFUNDED,24,590.58
692,172,2025-05-25 10:03:11,PENDING,1,743.18
693,475,2024-01-15 12:54:57,REFUNDED,11,127.16
694,190,2025-07-22 23:01:01,COMPLETED,15,501.54
695,101,2024-01-31 18:35:11,CANCELLED,13,610.82
696,452,2024-05-28 03:00:23,COMPLETED,12,227.45
697,138,2025-01-07 19:56:25,COMPLETED,7,500.88
698,187,2023-08-12 03:10:06,COMPLETED,20,460.02
699,138,2023-01-07 19:35:36,COMPLETED,23,255.32
700,359,2024-01-10 08:33:14,PENDING,5,873.97
701,174,2023-07-30 19:11:50,CANCELLED,20,759.97
702,109,2024-05-05 17:58:11,COMPLETED,19,848.08
703,327,2023-05-31 12:11:14,PENDING,7,369.59
704,259,2025-07-29 06:24:59,COMPLETED,17,348.80
705,351,2023-07-21 19:48:11,CANCELLED,7,820.08
706,265,2025-08-23 05:48:58,COMPLETED,5,296.38
707,219,2023-12-13 23:21:48,PENDING,-5,520.62
708,453,2025-05-31 11:51:31,REFUNDED,1,487.97
709,138,2024-03-09 20:59:31,PENDING,3,362.51
710,324,2024-10-19 12:14:15,CANCELLED,24,179.14
711,308,2024-09-13 12:11:50,CANCELLED,3,13.96
712,447,2023-11-08 01:24:22,COMPLETED,10,203.14
713,145,2024-02-18 15:07:57,CANCELLED,5,457.41
714,252,2023-05-29 14:10:40,COMPLETED,3,531.88
715,34,2024-02-03 13:53:36,PENDING,24,768.43
716,231,2023-07-12 23:30:52,COMPLETED,18,281.33
717,373,2024-09-19 05:01:40,PENDING,1,123.41
718,425,2025-04-16 05:15:30,COMPLETED,7,272.26
719,144,2024-02-14 09:59:05,COMPLETED,6,751.02
720,342,2023-11-10 11:42:21,COMPLETED,2,415.98
721,434,2023-09-18 20:10:29,COMPLETED,23,185.09
722,96,2023-12-11 19:32:13,REFUNDED,18,700.55
723,60,2023-06-09 22:45:22,COMPLETED,22,208.63
724,427,2024-10-11 14:36:13,CANCELLED,10,338.16
725,203,2024-04-29 19:59:49,COMPLETED,1,311.56
726,48,2024-02-12 00:16:42,COMPLETED,12,20.50
727,83,2023-11-18 02:01:39,COMPLETED,18,676.34
728,389,2025-07-22 06:09:46,REFUNDED,5,781.87
729,301,2023-06-09 16:37:32,PENDING,18,715.46
730,430,2024-09-01 23:46:52,COMPLETED,14,385.44
731,421,2024-01-27 18:26:25,COMPLETED,5,328.28
732,357,2023-10-04 19:12:59,REFUNDED,19,110.35
733,458,2023-11-17 15:09:36,COMPLETED,6,730.06
734,337,2023-09-15 18:04:48,COMPLETED,22,217.95
735,426,2025-04-26 10:06:11,COMPLETED,10,636.51
736,87,2024-03-26 21:41:41,COMPLETED,4,191.89
737,190,2025-03-10 14:12:22,CANCELLED,8,225.06
738,488,2023-10-15 01:43:03,PENDING,21,273.24
739,247,2023-08-29 04:29:23,REFUNDED,6,32.82
740,196,2024-07-06 03:52:14,CANCELLED,14,423.63
741,191,2024-12-18 10:56:22,COMPLETED,20,749.89
742,224,2025-05-10 05:11:04,CANCELLED,4,256.27
743,84,2023-03-28 08:44:31,REFUNDED,13,324.38
744,434,2024-07-27 14:20:14,REFUNDED,23,344.93
745,172,2025-06-12 19:03:28,COMPLETED,15,113.82
746,20,2025-06-05 01:40:18,CANCELLED,17,605.73
747,458,2024-02-23 15:23:44,COMPLETED,15,95.49
748,143,2023-12-06 00:25:06,COMPLETED,4,206.15
749,238,2023-10-30 22:13:49,COMPLETED,5,273.56
750,402,2023-10-05 10:14:07,COMPLETED,6,32.56
751,238,2023-02-15 20:57:02,REFUNDED,2,70.42
752,3886,2024-05-18 12:32:34,COMPLETED,19,417.17
753,33,2024-03-18 21:13:27,PENDING,10,834.62
754,336,2024-05-10 20:31:17,PENDING,8,702.48
755,189,2023-06-05 01:04:56,COMPLETED,5,497.71
756,321,2025-04-08 12:06:20,COMPLETED,17,505.47
757,262,2024-01-15 12:09:03,COMPLETED,25,273.26
758,82,2024-07-20 06:59:34,PENDING,8,314.02
759,473,2023-01-03 11:21:41,COMPLETED,7,54.38
760,470,2025-01-04 23:47:41,CANCELLED,1,316.86
761,9,2024-11-23 13:13:05,PENDING,11,829.65
762,465,2024-01-06 14:39:59,CANCELLED,18,253.05
763,339,2024-12-12 12:34:19,COMPLETED,6,477.91
764,214,2023-01-28 16:23:47,COMPLETED,2,674.13
765,102,2025-05-03 04:36:45,REFUNDED,18,644.80
766,100,2025-08-20 22:34:40,COMPLETED,23,129.13
767,272,2023-12-24 09:39:17,COMPLETED,25,693.94
768,146,2024-03-03 19:23:51,CANCELLED,20,707.64
769,72,2023-12-18 13:09:09,REFUNDED,16,757.76
770,494,2025-09-05 23:56:04,COMPLETED,12,520.77
771,393,2023-07-06 18:11:33,PENDING,20,878.40
772,437,2023-06-13 00:23:17,COMPLETED,9,200.35
773,438,2024-04-26 14:39:44,COMPLETED,6,754.94
774,378,2025-05-26 14:38:18,COMPLETED,20,893.46
775,396,2025-07-11 09:34:28,REFUNDED,14,46.93
776,448,2023-04-30 23:41:32,COMPLETED,8,802.36
777,401,2023-01-20 02:33:50,COMPLETED,14,602.84
778,28,2025-01-30 12:37:41,COMPLETED,15,545.96
779,76,2023-09-03 11:22:40,COMPLETED,13,602.77
780,176,2025-06-07 14:24:16,REFUNDED,25,812.72
781,36,2025-02-22 00:06:13,COMPLETED,8,586.63
782,314,2023-10-07 12:12:57,CANCELLED,2,591.70
783,57,2025-05-25 21:08:40,REFUNDED,23,398.14
784,482,2024-07-22 13:19:46,COMPLETED,21,420.17
785,216,2025-02-16 18:46:35,COMPLETED,19,602.57
786,466,2024-12-07 17:14:23,COMPLETED,1,163.98
787,326,2023-04-02 23:17:17,COMPLETED,17,454.55
788,55,2023-12-26 01:53:02,CANCELLED,22,563.05
789,190,2023-01-14 12:06:04,CANCELLED,5,806.86
790,374,2024-11-13 22:23:50,CANCELLED,10,17.70
791,383,2024-12-25 11:39:17,COMPLETED,25,757.06
792,476,2025-07-21 00:53:50,REFUNDED,5,255.35
793,78,2023-06-20 16:27:22,COMPLETED,16,491.30
794,445,2023-10-12 11:28:13,COMPLETED,8,472.60
795,111,2024-09-28 20:39:13,COMPLETED,15,668.17
796,458,2025-02-17 01:42:13,PENDING,22,258.58
797,26,2025-08-07 08:48:20,REFUNDED,20,831.43
798,231,2025-02-24 22:06:54,REFUNDED,7,767.30
799,317,2024-02-06 04:45:38,COMPLETED,15,785.76
800,90,2025-03-13 12:51:07,REFUNDED,10,744.24
801,195,2025-08-27 15:42:27,COMPLETED,21,896.75
802,134,2025-09-07 07:22:04,COMPLETED,21,318.86
803,272,2024-11-26 17:23:37,COMPLETED,21,810.48
804,12,2024-08-08 16:57:38,CANCELLED,11,614.20
805,303,2023-06-26 17:07:36,COMPLETED,19,403.54
806,89,2023-11-24 09:47:19,PENDING,19,439.64
807,481,2024-12-03 16:30:03,REFUNDED,2,504.40
808,33,2025-01-20 04:27:19,REFUNDED,7,480.10
809,407,2025-09-08 17:36:47,COMPLETED,1,168.04
810,121,2024-12-13 01:34:29,PENDING,4,839.00
811,324,2024-11-06 19:14:08,COMPLETED,3,793.16
812,206,2025-04-19 06:52:34,PENDING,-1,662.97
813,338,2024-01-19 01:04:06,CANCELLED,4,535.02
814,191,2025-04-29 21:11:23,REFUNDED,14,606.94
815,420,2024-02-14 19:08:43,CANCELLED,23,473.34
816,323,2023-09-03 04:22:02,COMPLETED,13,32.22
817,155,2024-04-11 03:18:58,COMPLETED,13,810.01
818,219,2023-04-03 20:01:26,PENDING,11,451.97
819,108,2023-01-30 17:07:49,COMPLETED,9,45.49
820,370,2023-10-13 20:19:51,PENDING,7,270.28
821,288,2023-03-27 07:33:50,COMPLETED,20,677.34
822,186,2023-07-21 01:14:46,REFUNDED,20,150.79
823,63,2025-09-24 00:09:29,CANCELLED,2,605.74
824,178,2023-12-09 07:17:31,COMPLETED,20,682.02
825,308,2024-09-15 02:39:00,CANCELLED,5,231.71
826,474,2025-08-19 10:57:43,COMPLETED,15,797.51
827,417,2023-12-29 12:20:53,COMPLETED,5,856.30
828,416,2023-07-10 03:35:20,PENDING,20,845.62
829,84,2024-09-12 05:39:04,COMPLETED,13,882.49
830,446,2023-05-17 07:24:19,COMPLETED,17,755.05
831,131,2023-04-20 09:09:00,REFUNDED,4,747.07
832,348,2023-04-21 13:59:29,COMPLETED,10,154.60
833,330,2023-09-25 06:26:51,COMPLETED,4,86.88
834,80,2024-04-20 23:37:33,CANCELLED,7,165.97
835,20,2024-06-20 23:58:20,COMPLETED,5,555.48
836,429,2025-05-05 00:17:38,COMPLETED,1,346.81
837,107,2025-03-20 14:16:27,REFUNDED,19,90.03
838,453,2023-02-09 20:12:40,CANCELLED,13,493.80
839,146,2025-06-23 15:22:11,COMPLETED,12,322.89
840,65,2023-04-14 16:30:11,COMPLETED,4,220.25
841,180,2024-07-18 16:51:31,REFUNDED,6,708.07
842,345,2023-07-16 18:37:39,PENDING,21,803.01
843,32,2024-11-12 21:08:23,CANCELLED,4,507.76
844,119,2024-03-25 16:41:07,CANCELLED,1,180.64
845,161,2023-09-15 12:38:12,CANCELLED,18,240.50
846,442,2023-01-18 14:51:32,COMPLETED,5,785.20
847,283,2023-01-17 11:53:15,COMPLETED,18,865.03
848,120,2024-02-19 16:37:55,COMPLETED,24,493.32
849,382,2024-11-12 06:00:00,PENDING,25,358.50
850,463,2024-03-24 05:02:54,COMPLETED,7,387.12
851,188,2023-08-02 10:58:06,REFUNDED,23,627.50
852,308,2023-09-21 16:47:35,CANCELLED,4,298.57
853,72,2023-12-20 18:56:11,COMPLETED,25,218.61
854,273,2025-02-04 17:39:45,COMPLETED,14,578.34
855,195,2023-11-25 05:22:20,CANCELLED,20,368.14
856,163,2024-07-15 17:15:04,PENDING,20,729.56
857,487,2024-08-19 07:26:55,COMPLETED,5,54.44
858,293,2024-01-19 03:41:58,COMPLETED,14,364.50
859,342,2023-08-03 06:31:55,CANCELLED,7,43.30
860,400,2023-02-26 08:47:00,COMPLETED,9,744.81
861,477,2025-02-03 20:45:43,COMPLETED,8,461.90
862,133,2024-01-02 16:01:02,REFUNDED,20,460.93
863,267,2025-03-23 01:57:45,PENDING,7,290.91
864,180,2023-02-01 06:54:01,REFUNDED,17,353.72
865,453,2024-08-31 11:45:47,REFUNDED,10,821.14
866,124,2023-11-02 00:28:33,REFUNDED,9,165.25
867,89,2025-05-09 18:48:45,CANCELLED,18,620.42
868,389,2025-01-27 03:14:02,COMPLETED,7,680.70
869,73,2025-05-05 07:48:12,REFUNDED,15,196.15
870,262,2023-08-05 07:14:27,REFUNDED,22,433.38
871,238,2024-04-15 03:03:25,COMPLETED,9,823.44
872,227,2025-09-17 07:12:08,COMPLETED,2,459.79
873,128,2025-02-05 13:53:00,COMPLETED,12,620.00
874,128,2024-03-22 13:08:36,COMPLETED,7,328.79
875,282,2023-08-13 14:13:45,COMPLETED,1,469.77
876,246,2023-09-18 18:52:25,CANCELLED,15,133.40
877,485,2024-02-29 18:08:12,COMPLETED,1,780.15
878,458,2024-09-08 04:58:57,COMPLETED,21,283.80
879,220,2023-04-23 11:20:03,CANCELLED,10,23.85
880,348,2025-07-11 17:47:41,CANCELLED,10,559.87
881,353,2025-05-09 16:00:27,COMPLETED,25,10.33
882,159,2025-04-26 13:31:56,COMPLETED,10,814.20
883,335,2023-05-03 16:37:02,PENDING,9,568.86
884,487,2023-09-26 21:04:05,COMPLETED,19,868.49
885,411,2023-03-12 17:32:04,PENDING,25,768.37
886,305,2024-10-05 00:06:34,REFUNDED,2,116.15
887,142,2025-04-27 18:49:59,REFUNDED,10,123.25
888,177,2025-06-19 18:43:30,COMPLETED,5,407.46
889,284,2023-03-11 22:54:37,REFUNDED,6,303.23
890,264,2025-06-08 05:58:38,COMPLETED,14,397.61
891,204,2023-04-15 04:32:49,REFUNDED,12,423.83
892,267,2024-07-01 03:33:18,REFUNDED,3,402.22
893,485,2023-05-23 00:49:16,COMPLETED,25,690.20
894,365,2023-04-20 05:43:06,CANCELLED,8,507.90
895,474,2023-11-27 12:50:12,CANCELLED,15,297.03
896,87,2024-11-28 20:00:08,COMPLETED,3,643.59
897,19,2023-10-27 05:05:55,CANCELLED,11,60.33
898,228,2023-03-14 05:24:46,COMPLETED,14,626.93
899,411,2024-01-16 14:42:22,CANCELLED,22,384.62
900,114,2023-09-17 10:54:45,COMPLETED,17,285.90
901,62,2024-06-22 15:30:12,COMPLETED,15,799.73
902,219,2024-07-26 16:42:04,COMPLETED,13,170.90
903,264,2024-08-25 17:58:52,COMPLETED,22,831.34
904,150,2024-03-21 00:23:34,COMPLETED,18,890.07
905,176,2025-03-04 23:14:40,REFUNDED,16,680.77
906,188,2024-04-09 02:34:40,REFUNDED,1,424.65
907,270,2023-08-07 01:36:37,COMPLETED,7,431.20
908,124,2024-10-03 07:33:18,PENDING,22,400.33
909,484,2023-05-07 12:45:33,REFUNDED,11,247.22
910,389,2024-12-05 12:04:44,REFUNDED,3,356.82
911,35,2023-05-23 07:29:53,PENDING,10,61.79
912,102,2024-05-23 17:43:07,COMPLETED,21,145.90
913,39,2024-11-09 10:41:32,CANCELLED,4,104.34
914,194,2023-11-26 10:56:56,COMPLETED,3,238.18
915,271,2024-09-18 23:31:06,COMPLETED,19,783.22
916,376,2023-01-09 12:18:44,COMPLETED,1,205.32
917,236,2025-08-01 09:41:14,REFUNDED,16,50.19
918,481,2024-10-31 17:43:44,REFUNDED,9,671.86
919,326,2025-01-30 22:22:04,REFUNDED,3,646.17
920,72,2025-08-27 19:43:26,PENDING,6,789.62
921,64,2024-05-08 01:56:51,COMPLETED,21,598.34
922,227,2023-05-05 20:29:25,REFUNDED,5,6.69
923,166,2023-04-22 00:55:18,PENDING,16,167.25
924,7,2024-03-21 19:07:56,REFUNDED,4,113.83
925,239,2023-01-19 12:32:12,COMPLETED,9,781.84
926,229,2025-04-09 11:00:55,COMPLETED,23,214.07
927,203,2025-07-01 01:24:48,PENDING,1,560.98
928,174,2025-08-26 06:31:34,COMPLETED,17,290.14
929,108,2023-01-24 11:22:19,PENDING,25,23.35
930,395,2024-07-25 22:54:50,PENDING,25,174.51
931,197,2025-08-09 14:54:27,COMPLETED,24,235.99
932,393,2025-04-13 13:05:07,REFUNDED,20,658.47
933,21,2024-04-07 02:06:18,CANCELLED,23,604.82
934,221,2023-03-01 15:21:44,COMPLETED,18,365.16
935,296,2023-02-19 08:26:40,COMPLETED,20,669.08
936,186,2023-06-13 13:55:16,CANCELLED,4,561.52
937,80,2023-02-01 01:38:09,COMPLETED,20,414.87
938,204,2023-03-27 10:52:35,PENDING,24,777.19
939,407,2025-04-09 02:37:26,REFUNDED,19,471.49
940,423,2024-12-30 03:01:46,REFUNDED,25,182.87
941,3,2023-03-27 10:36:51,COMPLETED,23,566.89
942,349,2023-08-11 09:25:52,COMPLETED,24,837.61
943,421,2024-10-09 04:17:21,CANCELLED,11,562.70
944,307,2024-05-02 14:01:03,PENDING,2,874.12
945,189,2025-07-18 12:28:31,REFUNDED,9,180.85
946,348,2024-11-08 14:27:51,PENDING,9,159.61
947,201,2024-01-06 10:49:43,COMPLETED,6,590.17
948,160,2024-01-16 05:18:34,REFUNDED,1,520.64
949,29,2023-12-06 12:46:59,COMPLETED,11,463.01
950,184,2025-07-11 01:20:33,PENDING,5,166.86
951,392,2023-01-11 05:56:21,COMPLETED,12,862.90
952,312,2024-03-18 08:14:31,CANCELLED,6,638.54
953,286,2024-10-09 11:00:18,REFUNDED,4,660.46
954,215,2023-04-04 16:48:48,COMPLETED,16,170.97
955,259,2024-05-08 23:20:48,COMPLETED,15,824.11
956,292,2023-03-15 14:40:11,REFUNDED,20,199.19
957,311,2023-02-26 00:39:06,CANCELLED,7,534.49
958,71,2024-08-06 11:06:47,COMPLETED,5,783.43
959,84,2025-07-25 18:59:36,COMPLETED,8,354.29
960,263,2025-03-13 11:55:11,COMPLETED,19,455.55
961,215,2024-10-03 08:03:11,COMPLETED,6,615.25
962,360,2025-07-29 11:25:21,COMPLETED,22,267.51
963,137,2025-04-14 14:40:39,CANCELLED,11,398.78
964,25,2025-06-28 22:39:47,COMPLETED,5,731.08
965,151,2024-02-06 15:50:28,COMPLETED,14,842.49
966,79,2023-01-29 02:34:34,COMPLETED,15,750.07
967,291,2023-02-27 13:47:26,REFUNDED,23,53.70
968,439,2023-02-11 07:13:22,REFUNDED,9,895.70
969,72,2023-04-10 06:23:01,COMPLETED,19,364.84
970,256,2024-12-05 04:56:40,COMPLETED,13,381.55
971,184,2024-03-29 22:33:56,COMPLETED,17,897.47
972,52,2024-05-18 21:43:15,COMPLETED,22,578.57
973,392,2024-02-05 06:07:42,COMPLETED,3,599.47
974,20,2023-05-16 14:57:14,COMPLETED,18,333.18
975,463,2025-01-02 09:47:51,COMPLETED,2,684.85
976,456,2024-06-16 08:49:01,PENDING,11,369.25
977,414,2024-02-28 22:24:53,REFUNDED,12,865.88
978,356,2023-12-21 11:45:14,CANCELLED,7,324.75
979,42,2025-05-18 15:39:18,COMPLETED,12,253.43
980,378,2023-12-15 21:53:52,CANCELLED,16,350.22
981,428,2025-05-10 03:58:32,CANCELLED,7,309.28
982,427,2023-01-23 16:01:20,COMPLETED,21,101.26
983,350,2023-12-21 13:06:03,REFUNDED,23,245.20
984,51,2025-02-16 14:05:04,COMPLETED,5,431.06
985,87,2024-06-11 13:07:31,COMPLETED,19,387.67
986,452,2024-06-02 06:06:27,PENDING,22,39.66
987,180,2024-11-11 03:32:22,COMPLETED,12,203.75
988,114,2025-07-15 19:20:57,PENDING,7,292.08
989,236,2025-07-01 13:56:21,REFUNDED,22,117.20
990,27,2024-10-23 22:30:06,REFUNDED,22,776.85
991,23,2024-05-15 13:35:53,REFUNDED,21,782.51
992,383,2024-09-08 07:51:11,COMPLETED,2,717.05
993,474,2023-03-12 04:44:04,COMPLETED,3,729.34
994,140,2023-01-23 05:56:20,PENDING,25,228.38
995,166,2023-12-04 22:52:31,PENDING,7,865.26
996,301,2024-10-27 02:14:10,COMPLETED,6,179.08
997,470,2023-01-26 05:46:02,COMPLETED,5,584.36
998,260,2023-05-19 00:54:14,PENDING,5,659.20
999,165,2023-12-09 13:40:50,PENDING,25,653.66
1000,382,2024-10-22 22:39:15,PENDING,11,856.12
1001,381,2023-01-07 11:13:18,REFUNDED,13,37.08
1002,313,2025-09-21 09:22:29,COMPLETED,23,98.68
1003,238,2024-03-10 20:41:55,CANCELLED,3,50.63
1004,250,2025-07-31 02:07:49,REFUNDED,3,872.78
1005,360,2024-05-25 21:49:39,CANCELLED,25,283.73
1006,303,2023-10-21 17:52:12,COMPLETED,21,785.10
1007,335,2023-12-10 17:37:59,COMPLETED,9,50.92
1008,448,2024-04-16 06:59:09,COMPLETED,1,547.75
1009,117,2024-03-03 07:45:47,COMPLETED,7,796.00
1010,72,2024-08-07 10:05:27,PENDING,9,461.51
1011,120,2023-06-21 04:44:24,COMPLETED,23,99.30
1012,313,2024-12-21 16:11:57,PENDING,2,477.43
1013,301,2023-08-13 22:45:02,CANCELLED,24,899.13
1014,230,2024-09-08 13:18:59,COMPLETED,15,60.24
1015,221,2025-05-22 22:20:15,COMPLETED,22,859.35
1016,149,2025-06-20 06:50:29,COMPLETED,11,169.19
1017,248,2025-02-03 03:51:00,COMPLETED,12,706.40
1018,119,2024-05-05 07:18:50,REFUNDED,17,377.72
1019,439,2023-08-23 04:12:13,COMPLETED,8,458.82
1020,270,2023-08-13 22:43:34,COMPLETED,6,804.81
1021,395,2024-12-13 20:48:59,COMPLETED,4,82.84
1022,141,2024-11-22 15:12:23,CANCELLED,11,111.28
1023,142,2023-11-26 22:33:29,CANCELLED,20,182.85
1024,61,2025-07-13 12:33:17,CANCELLED,4,780.74
1025,207,2024-12-13 02:39:47,PENDING,20,521.83
1026,352,2023-01-14 18:22:53,COMPLETED,10,584.66
1027,225,2025-09-04 20:41:07,COMPLETED,3,643.34
1028,238,2023-08-28 19:04:40,REFUNDED,13,817.46
1029,193,2023-09-10 19:30:19,COMPLETED,23,249.42
1030,98,2023-09-03 03:43:27,PENDING,11,295.56
1031,218,2025-09-17 08:21:57,COMPLETED,22,309.59
1032,242,2023-09-01 00:42:11,REFUNDED,16,464.70
1033,286,2024-03-04 03:43:30,COMPLETED,10,245.92
1034,342,2025-06-18 00:39:39,COMPLETED,24,18.47
1035,494,2023-01-29 06:50:16,COMPLETED,4,508.35
1036,7,2024-06-13 22:43:00,REFUNDED,10,386.70
1037,210,2024-10-26 18:15:43,COMPLETED,14,808.72
1038,346,2025-01-11 16:34:52,COMPLETED,23,324.93
1039,167,2023-06-21 00:55:59,COMPLETED,19,609.30
1040,452,2024-10-01 17:18:45,REFUNDED,1,757.98
1041,97,2023-01-24 01:15:15,REFUNDED,25,286.59
1042,167,2024-05-26 08:47:21,REFUNDED,13,58.23
1043,339,2023-04-10 23:52:23,COMPLETED,20,844.13
1044,364,2024-05-29 20:58:17,COMPLETED,3,48.63
1045,349,2025-01-20 19:46:07,CANCELLED,20,275.17
1046,308,2025-05-16 12:26:44,COMPLETED,1,159.15
1047,497,2024-02-21 23:53:52,COMPLETED,13,334.46
1048,411,2025-06-15 23:16:23,COMPLETED,17,265.43
1049,450,2024-01-18 00:08:12,CANCELLED,17,491.46
1050,301,2023-06-22 01:24:27,COMPLETED,19,9.07
1051,434,2025-05-15 01:07:23,REFUNDED,12,444.39
1052,460,2023-05-14 02:27:27,COMPLETED,2,590.77
1053,449,2025-05-14 17:21:11,CANCELLED,4,532.76
1054,392,2024-11-30 10:46:18,COMPLETED,16,452.23
1055,412,2024-10-26 12:49:41,PENDING,17,778.87
1056,202,2024-04-27 11:41:09,COMPLETED,9,520.87
1057,344,2024-11-03 00:45:24,CANCELLED,13,625.64
1058,238,2023-01-04 07:27:02,CANCELLED,17,518.99
1059,415,2023-02-17 00:00:20,PENDING,25,544.36
1060,189,2025-03-05 01:45:06,COMPLETED,11,828.89
1061,6,2025-09-14 16:27:32,COMPLETED,12,763.86
1062,177,2025-01-20 13:24:09,COMPLETED,4,641.09
1063,322,2025-01-04 17:41:42,COMPLETED,18,570.79
1064,405,2024-02-24 20:07:29,REFUNDED,4,308.72
1065,123,2023-11-12 00:50:33,COMPLETED,13,414.47
1066,295,2023-10-15 04:56:29,COMPLETED,2,81.93
1067,400,2023-05-03 14:26:36,REFUNDED,4,35.01
1068,142,2025-02-12 19:11:42,COMPLETED,4,29.37
1069,216,2024-03-18 22:10:13,COMPLETED,12,96.23
1070,65,2024-02-07 06:53:50,REFUNDED,14,669.41
1071,181,2024-06-04 14:29:44,COMPLETED,18,408.95
1072,135,2023-07-20 02:02:51,COMPLETED,10,819.64
1073,13,2024-12-10 15:43:41,CANCELLED,16,7.55
1074,321,2023-01-14 16:54:54,COMPLETED,1,146.47
1075,30,2025-04-06 23:14:47,PENDING,19,570.56
1076,360,2023-01-10 06:21:23,CANCELLED,17,165.59
1077,158,2025-05-23 06:06:41,PENDING,25,248.56
1078,275,2024-01-10 11:45:59,COMPLETED,17,611.26
1079,202,2024-02-06 03:58:46,COMPLETED,18,14.07
1080,336,2024-02-21 17:43:32,PENDING,17,51.88
1081,425,2025-08-15 11:18:10,CANCELLED,6,505.90
1082,145,2024-04-08 17:18:37,COMPLETED,7,258.44
1083,168,2025-06-20 21:54:41,COMPLETED,24,825.90
1084,11,2023-04-19 03:04:30,COMPLETED,0,170.43
1085,105,2025-01-09 21:13:09,CANCELLED,16,838.26
1086,87,2024-05-27 16:54:52,COMPLETED,22,187.70
1087,325,2024-11-10 10:30:49,REFUNDED,2,174.65
1088,83,2025-03-03 21:52:23,PENDING,9,82.69
1089,296,2023-07-21 13:40:11,REFUNDED,20,566.18
1090,262,2025-02-24 09:23:45,COMPLETED,24,620.73
1091,496,2025-06-15 22:32:20,PENDING,3,891.19
1092,209,2024-10-11 11:58:33,CANCELLED,7,150.08
1093,377,2024-03-21 13:22:18,COMPLETED,21,327.86
1094,2535,2025-04-11 13:47:21,COMPLETED,16,821.39
1095,392,2024-11-02 06:41:10,PENDING,6,864.64
1096,58,2024-10-31 16:25:32,REFUNDED,11,348.61
1097,157,2025-08-29 06:23:14,COMPLETED,25,42.13
1098,393,2024-11-28 07:37:39,CANCELLED,24,343.29
1099,188,2023-04-04 04:10:19,PENDING,11,34.05
1100,111,2024-02-10 09:37:05,COMPLETED,4,413.79
1101,320,2024-08-12 15:03:39,PENDING,5,160.86
1102,489,2024-08-08 19:19:33,CANCELLED,3,875.69
1103,414,2023-11-11 07:43:29,COMPLETED,20,680.96
1104,464,2023-01-27 03:19:38,COMPLETED,9,809.98
1105,208,2024-04-15 13:08:56,PENDING,22,644.07
1106,166,2024-09-24 00:13:21,PENDING,1,491.07
1107,403,2023-03-04 22:41:02,REFUNDED,14,600.31
1108,56,2023-06-12 20:35:10,COMPLETED,11,122.80
1109,48,2023-07-19 12:20:56,REFUNDED,16,486.69
1110,138,2024-01-31 05:54:49,CANCELLED,4,330.61
1111,241,2025-04-21 16:53:57,COMPLETED,23,166.46
1112,469,2023-02-26 17:24:43,COMPLETED,11,486.60
1113,481,2025-05-26 11:40:13,COMPLETED,9,680.40
1114,305,2025-05-29 22:42:16,PENDING,1,755.77
1115,13,2024-05-27 16:10:10,CANCELLED,22,446.24
1116,493,2023-05-30 01:54:42,COMPLETED,9,111.97
1117,244,2024-09-24 22:49:11,CANCELLED,12,45.03
1118,84,2024-12-19 17:09:32,CANCELLED,11,415.23
1119,448,2025-09-26 03:54:20,COMPLETED,16,241.76
1120,191,2024-07-17 22:13:33,CANCELLED,13,413.61
1121,101,2024-06-22 08:17:14,CANCELLED,22,887.78
1122,237,2025-04-09 09:59:53,COMPLETED,9,615.24
1123,350,2023-02-22 16:39:10,CANCELLED,2,643.37
1124,292,2024-11-11 14:16:43,COMPLETED,7,92.72
1125,366,2024-11-16 04:46:36,REFUNDED,21,728.37
1126,163,2023-05-05 00:12:42,REFUNDED,22,738.88
1127,79,2025-02-23 05:49:21,COMPLETED,2,114.24
1128,447,2025-06-06 16:45:16,CANCELLED,13,117.68
1129,343,2024-02-18 04:40:47,PENDING,6,102.49
1130,337,2024-02-21 10:07:18,PENDING,-5,639.59
1131,205,2024-05-20 12:14:29,COMPLETED,9,705.24
1132,377,2024-12-04 19:11:13,COMPLETED,-5,798.26
1133,394,2023-12-23 19:03:19,REFUNDED,19,10.62
1134,45,2025-05-31 03:22:52,COMPLETED,5,683.98
1135,258,2023-12-24 08:05:21,COMPLETED,23,293.53
1136,3,2024-09-24 02:28:30,COMPLETED,7,162.66
1137,19,2024-09-16 14:39:14,COMPLETED,9,365.47
1138,385,2024-03-23 11:34:36,REFUNDED,5,802.71
1139,461,2024-12-03 16:03:49,CANCELLED,1,552.16
1140,227,2025-06-28 11:13:07,PENDING,18,609.00
1141,65,2024-03-18 16:58:45,REFUNDED,0,151.74
1142,229,2023-12-24 07:33:14,PENDING,24,798.84
1143,459,2024-06-27 07:29:46,COMPLETED,5,273.93
1144,103,2023-05-20 10:02:50,CANCELLED,14,482.28
1145,297,2025-02-26 17:40:52,COMPLETED,2,570.54
1146,230,2024-09-10 21:14:50,REFUNDED,11,330.15
1147,459,2024-07-30 18:51:21,COMPLETED,6,694.66
1148,381,2023-10-22 19:28:50,COMPLETED,24,176.53
1149,32,2025-05-14 03:05:40,REFUNDED,6,270.19
1150,29,2024-04-23 02:19:17,REFUNDED,12,678.88
1151,443,2025-05-07 20:11:12,COMPLETED,1,554.77
1152,249,2024-06-09 20:27:51,CANCELLED,24,64.68
1153,500,2025-07-17 18:44:37,COMPLETED,3,314.10
1154,18,2023-07-18 18:14:58,COMPLETED,23,582.81
1155,164,2024-03-25 10:52:31,PENDING,24,475.62
1156,422,2024-10-14 21:03:48,COMPLETED,9,231.65
1157,108,2023-12-04 07:01:17,REFUNDED,15,796.25
1158,410,2023-09-20 12:49:54,REFUNDED,3,686.85
1159,315,2024-07-30 23:21:04,PENDING,24,103.65
1160,17,2024-02-04 02:31:50,COMPLETED,10,511.31
1161,139,2023-08-14 07:53:45,COMPLETED,13,68.98
1162,330,2023-10-05 20:55:31,REFUNDED,20,633.09
1163,335,2023-11-17 05:41:10,COMPLETED,5,116.46
1164,363,2025-09-05 09:24:17,COMPLETED,5,737.60
1165,191,2024-11-07 00:08:45,COMPLETED,19,811.09
1166,489,2023-12-01 11:54:36,REFUNDED,9,563.75
1167,106,2025-02-25 18:03:11,REFUNDED,23,219.82
1168,402,2025-09-03 20:51:32,PENDING,7,716.04
1169,6,2025-07-22 03:55:08,REFUNDED,23,690.67
1170,111,2023-06-17 21:59:14,COMPLETED,19,285.85
1171,235,2025-06-18 02:04:51,COMPLETED,9,666.33
1172,281,2025-07-02 08:25:59,PENDING,23,695.76
1173,355,2024-04-26 08:19:55,COMPLETED,18,480.11
1174,25,2023-03-14 02:15:34,PENDING,2,490.98
1175,263,2023-04-27 06:34:29,COMPLETED,15,701.54
1176,258,2023-12-04 02:02:25,COMPLETED,12,408.28
1177,481,2024-06-02 21:09:27,REFUNDED,11,781.64
1178,319,2024-12-20 22:35:16,PENDING,25,600.89
1179,119,2023-02-16 21:40:41,COMPLETED,19,751.01
1180,44,2023-09-11 00:36:59,COMPLETED,19,424.91
1181,75,2023-11-29 14:52:55,REFUNDED,5,453.79
1182,21,2023-02-22 08:23:07,CANCELLED,18,699.58
1183,400,2024-09-23 03:53:49,PENDING,12,862.80
1184,432,2024-11-22 02:25:44,CANCELLED,25,402.92
1185,266,2025-03-25 14:49:43,COMPLETED,5,369.10
1186,11,2024-09-03 15:43:13,COMPLETED,8,75.81
1187,404,2025-04-02 06:19:40,REFUNDED,25,291.19
1188,194,2025-05-28 04:47:33,CANCELLED,2,509.15
1189,138,2025-01-10 07:49:38,COMPLETED,8,173.38
1190,3,2023-02-15 09:32:41,REFUNDED,1,599.68
1191,290,2025-02-06 03:49:09,COMPLETED,23,473.10
1192,320,2025-01-23 11:58:57,COMPLETED,5,659.41
1193,418,2024-11-20 10:37:35,PENDING,3,148.75
1194,421,2025-07-25 10:26:14,COMPLETED,16,377.03
1195,99,2024-02-09 23:25:48,COMPLETED,20,739.35
1196,53,2023-09-07 09:43:16,CANCELLED,11,144.73
1197,243,2024-06-03 16:51:32,REFUNDED,9,112.34
1198,13,2025-06-23 00:33:16,REFUNDED,2,363.23
1199,396,2023-12-22 06:00:48,COMPLETED,4,122.32
1200,13,2024-08-06 09:21:30,REFUNDED,21,437.22
1201,473,2024-09-30 05:14:34,PENDING,16,644.03
1202,431,2023-12-24 00:29:14,COMPLETED,22,793.37
1203,309,2025-01-27 13:15:07,PENDING,19,566.46
1204,156,2023-08-24 09:52:36,COMPLETED,11,823.11
1205,29,2024-09-19 15:45:19,COMPLETED,2,771.92
1206,101,2023-04-29 22:03:49,COMPLETED,18,430.62
1207,321,2025-06-28 09:36:51,CANCELLED,1,149.41
1208,384,2023-07-04 20:16:23,COMPLETED,14,588.82
1209,406,2023-06-16 00:03:59,COMPLETED,24,870.08
1210,481,2025-04-11 01:06:52,CANCELLED,25,643.49
1211,38,2024-12-19 09:55:21,COMPLETED,8,744.92
1212,230,2023-02-02 06:20:08,COMPLETED,18,731.27
1213,208,2024-02-04 08:02:29,REFUNDED,11,131.15
1214,272,2024-07-22 08:39:49,PENDING,1,539.38
1215,439,2023-08-11 14:16:51,CANCELLED,24,757.24
1216,333,2023-03-17 10:43:16,COMPLETED,4,202.98
1217,183,2024-12-26 13:17:28,COMPLETED,19,99.61
1218,301,2023-01-31 00:26:37,REFUNDED,13,59.41
1219,307,2023-07-21 17:43:26,COMPLETED,15,594.83
1220,344,2023-05-25 04:15:22,COMPLETED,19,304.02
1221,3,2024-11-06 06:58:10,COMPLETED,15,806.16
1222,67,2024-10-29 10:08:52,CANCELLED,17,249.76
1223,146,2024-06-21 10:34:12,COMPLETED,17,256.73
1224,316,2025-01-03 08:50:17,COMPLETED,24,377.81
1225,459,2023-10-23 17:55:35,CANCELLED,17,278.24
1226,223,2025-02-26 17:21:11,COMPLETED,2,232.09
1227,459,2023-05-22 15:37:39,CANCELLED,-5,750.57
1228,206,2023-02-23 21:05:09,COMPLETED,10,125.26
1229,360,2023-12-30 01:21:59,REFUNDED,16,849.23
1230,183,2023-01-13 15:03:20,PENDING,9,291.96
1231,197,2023-11-06 07:42:04,COMPLETED,16,286.17
1232,280,2025-02-28 18:49:33,PENDING,4,634.91
1233,31,2024-02-18 09:28:22,PENDING,17,371.66
1234,402,2025-03-25 12:47:07,COMPLETED,24,404.59
1235,449,2024-11-26 21:40:51,PENDING,4,562.04
1236,343,2023-08-30 19:31:31,COMPLETED,24,187.71
1237,63,2024-08-11 03:09:39,CANCELLED,8,697.63
1238,418,2024-07-28 12:22:35,CANCELLED,3,218.84
1239,323,2024-01-24 13:56:46,PENDING,23,859.95
1240,387,2025-01-24 20:13:06,COMPLETED,11,712.29
1241,198,2023-04-24 21:54:34,PENDING,13,274.60
1242,344,2024-10-04 14:15:19,COMPLETED,10,885.97
1243,40,2023-01-13 03:16:32,COMPLETED,25,360.18
1244,315,2023-11-24 02:39:23,COMPLETED,1,695.11
1245,349,2025-08-23 21:50:33,COMPLETED,23,242.57
1246,118,2023-06-23 09:41:30,PENDING,5,620.36
1247,201,2023-01-27 00:53:07,COMPLETED,14,114.08
1248,446,2025-06-25 20:56:30,COMPLETED,16,47.98
1249,420,2024-06-22 15:15:07,REFUNDED,17,853.95
1250,220,2023-02-22 15:00:42,COMPLETED,8,732.46
1251,308,2025-07-16 22:04:07,CANCELLED,6,238.57
1252,290,2024-10-11 04:11:33,COMPLETED,6,179.88
1253,333,2024-04-27 05:27:17,COMPLETED,3,756.50
1254,48,2024-12-14 19:20:09,COMPLETED,5,195.10
1255,419,2024-04-26 14:57:08,CANCELLED,9,567.63
1256,14,2024-09-06 19:18:06,COMPLETED,16,588.73
1257,371,2023-07-08 15:56:53,COMPLETED,3,142.20
1258,293,2024-06-10 04:13:42,REFUNDED,19,358.68
1259,324,2025-06-20 08:31:22,REFUNDED,8,850.14
1260,18,2023-10-14 23:31:25,CANCELLED,20,28.48
1261,159,2024-10-30 01:46:05,PENDING,13,17.15
1262,495,2023-09-30 06:52:36,COMPLETED,16,258.51
1263,32,2023-11-29 11:58:15,CANCELLED,11,471.99
1264,171,2023-05-29 01:04:29,COMPLETED,6,284.47
1265,271,2025-01-04 01:46:56,COMPLETED,5,276.91
1266,210,2024-10-16 20:00:55,COMPLETED,9,116.20
1267,327,2025-07-01 20:22:27,COMPLETED,5,317.71
1268,69,2025-07-18 15:17:00,COMPLETED,13,662.80
1269,162,2025-08-24 06:51:36,COMPLETED,7,167.13
1270,199,2024-07-07 10:45:04,COMPLETED,21,93.76
1271,242,2023-02-04 10:09:15,REFUNDED,7,162.86
1272,44,2023-11-05 01:58:42,COMPLETED,2,176.61
1273,81,2023-08-13 14:53:06,COMPLETED,2,322.28
1274,1,2024-12-25 08:55:43,COMPLETED,14,861.91
1275,39,2023-05-10 17:29:14,COMPLETED,24,847.92
1276,156,2024-10-08 18:29:44,PENDING,11,644.74
1277,305,2025-08-31 22:01:14,REFUNDED,20,548.60
1278,319,2024-04-17 03:11:32,PENDING,13,159.20
1279,62,2024-02-01 15:17:21,COMPLETED,4,884.10
1280,430,2025-06-18 13:56:58,COMPLETED,25,549.72
1281,418,2025-09-05 14:15:20,COMPLETED,8,583.32
1282,272,2025-07-23 05:27:09,REFUNDED,2,394.78
1283,430,2024-09-29 21:04:34,COMPLETED,22,53.29
1284,261,2024-06-25 12:03:09,COMPLETED,8,224.87
1285,393,2025-08-28 12:11:22,CANCELLED,11,614.69
1286,10012,2023-05-22 18:35:31,COMPLETED,8,488.05
1287,130,2024-03-23 23:10:11,REFUNDED,16,242.36
1288,221,2025-06-26 11:39:07,PENDING,24,105.69
1289,28,2025-03-12 03:19:22,COMPLETED,11,75.29
1290,163,2025-09-19 05:13:42,REFUNDED,20,441.08
1291,482,2023-08-22 09:16:09,REFUNDED,2,874.27
1292,437,2025-05-14 18:45:32,COMPLETED,14,715.60
1293,105,2025-03-23 23:48:53,REFUNDED,8,557.27
1294,97,2023-02-21 12:03:07,COMPLETED,22,570.69
1295,13,2024-04-12 13:07:39,CANCELLED,20,813.25
1296,380,2025-01-20 01:45:36,COMPLETED,4,743.48
1297,328,2024-06-27 18:30:15,COMPLETED,5,865.14
1298,470,2024-09-15 21:09:13,CANCELLED,23,102.08
1299,44,2023-08-02 00:43:44,CANCELLED,4,695.18
1300,473,2025-04-22 04:14:51,COMPLETED,13,374.18
1301,305,2024-11-01 06:20:40,REFUNDED,16,246.90
1302,121,2025-05-31 20:59:18,CANCELLED,3,511.81
1303,237,2025-09-13 04:09:58,REFUNDED,7,515.44
1304,18,2024-02-02 22:56:32,COMPLETED,5,158.06
1305,338,2023-06-26 16:29:36,PENDING,5,141.39
1306,56,2023-09-19 11:32:46,PENDING,16,237.39
1307,370,2024-06-18 13:24:53,PENDING,18,309.44
1308,459,2023-02-25 09:48:44,COMPLETED,16,567.13
1309,351,2023-10-15 04:29:25,COMPLETED,12,449.38
1310,100,2024-02-11 09:09:07,COMPLETED,5,591.55
1311,388,2024-06-11 05:03:16,COMPLETED,12,799.12
1312,410,2023-12-22 10:06:48,COMPLETED,22,119.15
1313,451,2024-05-12 15:39:48,REFUNDED,21,360.80
1314,223,2023-06-06 06:37:49,COMPLETED,6,64.00
1315,80,2023-01-26 14:18:19,COMPLETED,15,561.32
1316,98,2025-05-06 03:12:08,CANCELLED,20,396.00
1317,24,2024-07-18 01:59:27,CANCELLED,25,157.50
1318,492,2024-11-11 16:14:53,COMPLETED,9,349.25
1319,148,2023-10-21 22:33:49,COMPLETED,16,390.66
1320,157,2023-01-22 06:53:19,CANCELLED,24,246.47
1321,148,2025-01-31 17:49:26,COMPLETED,13,488.47
1322,28,2024-02-15 16:52:32,REFUNDED,8,30.39
1323,408,2023-08-16 09:43:52,COMPLETED,25,432.57
1324,258,2023-12-09 05:29:03,COMPLETED,24,702.68
1325,278,2023-07-09 13:57:50,COMPLETED,9,177.56
1326,149,2024-04-05 16:44:27,CANCELLED,24,223.30
1327,280,2024-01-04 02:42:31,REFUNDED,3,834.37
1328,393,2023-12-16 02:32:41,CANCELLED,1,445.83
1329,474,2024-06-13 05:10:16,CANCELLED,6,561.02
1330,203,2023-07-22 14:25:02,COMPLETED,25,812.35
1331,79,2024-01-24 08:58:00,COMPLETED,9,287.21
1332,14,2023-05-19 04:37:58,REFUNDED,15,596.03
1333,386,2023-12-22 00:59:02,COMPLETED,7,854.66
1334,238,2023-09-03 03:38:01,COMPLETED,3,718.79
1335,394,2024-03-28 03:07:39,COMPLETED,5,889.58
1336,410,2023-06-09 08:09:41,COMPLETED,2,128.90
1337,81,2025-03-23 01:30:32,CANCELLED,8,128.05
1338,252,2024-12-19 22:18:40,CANCELLED,10,484.00
1339,335,2023-11-09 11:28:54,COMPLETED,13,243.16
1340,352,2025-03-15 03:57:51,COMPLETED,15,847.54
1341,216,2023-01-29 04:49:44,COMPLETED,15,48.34
1342,496,2024-06-07 05:28:09,PENDING,2,749.42
1343,185,2025-09-26 00:21:06,COMPLETED,5,605.92
1344,341,2024-02-05 07:32:56,CANCELLED,21,342.60
1345,450,2023-10-10 14:52:48,COMPLETED,13,189.01
1346,351,2023-01-13 08:04:29,PENDING,1,92.41
1347,59,2025-08-13 17:12:06,COMPLETED,20,672.55
1348,226,2023-12-15 11:14:21,PENDING,15,671.17
1349,91,2023-07-28 07:31:53,CANCELLED,15,713.09
1350,207,2023-08-02 06:44:45,COMPLETED,1,255.12
1351,38,2023-12-11 03:36:55,REFUNDED,23,870.06
1352,172,2024-04-28 22:59:04,COMPLETED,1,363.20
1353,278,2025-09-01 23:23:27,COMPLETED,13,339.47
1354,197,2024-07-30 15:29:12,PENDING,4,263.32
1355,119,2025-04-17 15:36:05,COMPLETED,13,351.57
1356,322,2023-12-16 21:54:58,COMPLETED,23,560.78
1357,189,2025-07-25 10:53:47,COMPLETED,15,284.67
1358,476,2023-12-29 15:57:15,COMPLETED,10,709.53
1359,340,2025-03-28 16:39:03,CANCELLED,10,776.81
1360,333,2024-02-18 10:34:09,COMPLETED,19,582.95
1361,59,2024-12-14 02:15:49,COMPLETED,7,527.53
1362,262,2023-12-22 18:21:45,CANCELLED,4,856.87
1363,433,2023-02-09 13:53:28,PENDING,11,847.75
1364,435,2025-03-23 17:37:59,REFUNDED,4,859.48
1365,323,2024-08-27 08:34:47,PENDING,16,505.19
1366,4386,2025-05-31 05:54:41,PENDING,19,598.94
1367,246,2024-10-05 15:46:13,CANCELLED,9,540.90
1368,200,2024-04-09 22:12:02,COMPLETED,16,605.99
1369,308,2023-12-27 08:15:51,COMPLETED,15,852.57
1370,337,2025-03-01 15:03:34,COMPLETED,1,493.13
1371,97,2023-08-18 03:43:58,COMPLETED,1,818.73
1372,196,2025-08-26 19:39:03,CANCELLED,20,766.70
1373,345,2023-05-15 09:42:36,COMPLETED,13,52.93
1374,64,2024-09-28 00:25:46,COMPLETED,9,863.00
1375,83,2025-06-07 11:31:08,PENDING,3,492.25
1376,394,2024-07-23 14:06:26,CANCELLED,2,245.20
1377,466,2025-08-08 07:27:25,REFUNDED,14,618.07
1378,402,2024-01-25 17:18:52,COMPLETED,23,428.47
1379,134,2024-08-16 01:27:47,COMPLETED,1,372.82
1380,32,2024-08-19 23:48:39,COMPLETED,9,200.79
1381,357,2023-02-22 14:45:46,COMPLETED,11,474.23
1382,289,2025-01-10 10:54:35,REFUNDED,3,153.77
1383,6,2024-12-20 19:31:35,COMPLETED,8,469.11
1384,452,2025-07-14 04:28:50,PENDING,24,105.66
1385,249,2023-05-30 08:31:57,COMPLETED,12,28.64
1386,231,2024-09-15 07:04:32,REFUNDED,19,717.44
1387,337,2025-05-24 20:23:56,COMPLETED,24,95.85
1388,489,2025-05-19 03:53:59,COMPLETED,3,118.79
1389,250,2025-04-17 16:32:04,CANCELLED,18,678.55
1390,39,2025-05-11 16:49:18,COMPLETED,14,150.38
1391,50,2024-12-19 11:08:31,REFUNDED,6,516.19
1392,115,2025-06-21 20:12:51,REFUNDED,3,250.63
1393,68,2023-01-25 03:32:19,CANCELLED,21,359.14
1394,247,2025-01-04 11:03:40,COMPLETED,14,870.86
1395,177,2024-05-05 05:51:00,REFUNDED,15,845.24
1396,372,2023-08-22 12:44:27,COMPLETED,2,357.44
1397,298,2023-11-22 06:31:58,COMPLETED,16,548.03
1398,166,2025-04-17 08:19:30,COMPLETED,14,14.62
1399,447,2024-02-08 19:54:55,PENDING,8,152.82
1400,197,2023-07-05 00:28:32,COMPLETED,8,586.43
1401,87,2024-09-01 06:24:48,PENDING,8,652.09
1402,466,2024-04-26 10:51:57,COMPLETED,9,542.75
1403,340,2023-04-10 16:07:44,COMPLETED,7,586.17
1404,231,2025-02-04 14:15:17,PENDING,7,303.17
1405,5,2025-07-21 13:58:12,PENDING,9,551.26
1406,189,2023-12-25 18:32:39,CANCELLED,12,141.77
1407,160,2023-01-26 18:52:32,COMPLETED,15,549.67
1408,83,2025-04-18 04:35:55,CANCELLED,1,637.74
1409,205,2024-12-25 01:46:00,COMPLETED,11,85.94
1410,87,2024-08-08 07:20:42,COMPLETED,11,797.27
1411,292,2024-06-18 19:04:51,COMPLETED,15,879.30
1412,471,2025-04-10 03:17:46,COMPLETED,10,364.77
1413,413,2024-01-09 16:08:52,CANCELLED,18,343.93
1414,465,2024-04-12 21:03:55,CANCELLED,22,577.96
1415,280,2025-09-07 20:04:40,REFUNDED,15,706.15
1416,424,2023-01-26 22:39:24,COMPLETED,24,632.13
1417,336,2025-08-24 03:47:26,COMPLETED,11,339.26
1418,477,2025-06-02 08:57:11,REFUNDED,4,552.21
1419,21,2025-03-13 16:38:18,COMPLETED,8,815.53
1420,220,2025-03-29 03:40:05,REFUNDED,11,200.35
1421,481,2024-01-06 09:36:41,COMPLETED,11,36.61
1422,29,2024-02-17 23:47:26,COMPLETED,5,393.80
1423,14,2023-12-18 02:55:14,REFUNDED,17,83.22
1424,89,2024-04-26 04:22:43,CANCELLED,13,565.21
1425,224,2023-07-03 09:02:33,COMPLETED,6,804.85
1426,217,2024-02-14 23:44:34,PENDING,21,178.53
1427,343,2025-06-04 15:13:54,CANCELLED,11,482.31
1428,458,2023-03-16 13:50:54,REFUNDED,3,791.50
1429,416,2024-07-09 22:55:19,COMPLETED,16,223.16
1430,362,2025-03-13 13:52:47,COMPLETED,14,346.89
1431,59,2025-07-01 17:56:46,CANCELLED,25,414.65
1432,94,2025-08-11 06:56:13,PENDING,9,890.83
1433,259,2024-06-29 03:53:24,CANCELLED,6,265.21
1434,413,2024-06-06 00:31:17,PENDING,13,481.82
1435,389,2023-06-30 16:25:44,PENDING,8,721.67
1436,62,2023-01-08 19:20:37,CANCELLED,1,25.85
1437,19,2023-07-13 01:01:33,REFUNDED,8,278.42
1438,326,2023-03-07 10:52:34,COMPLETED,5,841.44
1439,277,2024-05-04 03:03:49,PENDING,25,557.56
1440,155,2023-10-23 20:34:59,COMPLETED,3,589.21
1441,309,2025-03-11 23:55:19,COMPLETED,15,325.84
1442,195,2024-04-08 06:02:09,COMPLETED,20,158.82
1443,477,2024-10-06 14:23:50,CANCELLED,13,358.44
1444,38,2025-09-16 14:25:58,CANCELLED,12,860.35
1445,324,2023-03-21 19:34:09,COMPLETED,7,843.44
1446,444,2024-06-26 21:29:10,PENDING,25,634.21
1447,311,2024-04-17 06:36:58,REFUNDED,16,373.55
1448,32,2025-03-19 08:22:50,CANCELLED,19,26.12
1449,52,2025-07-02 23:20:53,PENDING,20,625.90
1450,397,2025-08-31 08:17:57,REFUNDED,22,691.85
1451,197,2023-07-21 08:17:20,COMPLETED,19,690.23
1452,462,2024-09-03 19:18:23,PENDING,17,884.93
1453,344,2024-09-03 03:13:16,PENDING,4,345.41
1454,98,2023-05-19 13:45:51,PENDING,11,11.50
1455,289,2024-09-18 19:21:06,REFUNDED,22,693.10
1456,233,2024-04-18 22:35:33,COMPLETED,9,44.06
1457,316,2025-09-10 19:36:03,CANCELLED,5,490.54
1458,259,2025-05-06 16:47:04,COMPLETED,22,788.27
1459,186,2023-04-09 06:40:55,REFUNDED,5,174.02
1460,304,2025-08-30 20:46:45,PENDING,16,703.89
1461,270,2023-07-10 20:37:24,CANCELLED,21,42.65
1462,253,2024-02-14 01:13:18,COMPLETED,8,98.95
1463,376,2023-05-27 20:23:06,COMPLETED,16,471.16
1464,300,2024-04-16 00:46:55,CANCELLED,19,784.21
1465,492,2023-11-11 14:54:16,REFUNDED,5,817.50
1466,407,2025-07-08 19:08:39,COMPLETED,5,242.20
1467,195,2023-02-17 21:04:12,COMPLETED,25,461.02
1468,348,2023-11-20 14:05:41,COMPLETED,13,721.80
1469,217,2023-05-29 07:06:55,REFUNDED,7,456.53
1470,241,2024-02-09 22:11:40,COMPLETED,5,287.87
1471,265,2025-07-10 09:57:47,COMPLETED,22,675.46
1472,4994,2024-12-26 01:43:33,COMPLETED,23,776.61
1473,312,2024-04-05 18:13:36,COMPLETED,3,319.12
1474,148,2024-01-05 12:32:33,COMPLETED,7,314.42
1475,282,2023-11-13 19:06:22,COMPLETED,6,806.60
1476,99,2023-04-14 19:44:39,COMPLETED,1,873.16
1477,26,2023-11-21 21:52:18,PENDING,13,777.47
1478,387,2025-03-27 09:31:49,PENDING,20,195.30
1479,25,2024-12-21 20:08:46,COMPLETED,16,207.09
1480,433,2024-04-17 02:38:58,COMPLETED,6,616.32
1481,71,2024-06-25 21:05:32,REFUNDED,18,408.68
1482,243,2024-10-19 16:24:55,REFUNDED,10,812.50
1483,358,2023-03-31 00:24:45,CANCELLED,25,573.68
1484,489,2025-07-24 17:40:04,PENDING,5,58.81
1485,188,2025-06-12 14:39:35,REFUNDED,15,337.58
1486,122,2024-01-16 14:33:48,CANCELLED,3,835.08
1487,99,2024-10-15 03:28:46,COMPLETED,24,646.84
1488,56,2024-02-25 07:34:00,COMPLETED,4,679.01
1489,182,2024-07-18 11:02:34,COMPLETED,7,13.98
1490,409,2023-07-16 06:14:26,COMPLETED,5,122.60
1491,149,2024-02-13 22:00:53,CANCELLED,10,181.76
1492,157,2025-02-26 22:17:24,CANCELLED,6,677.50
1493,289,2024-12-01 18:47:50,COMPLETED,23,633.99
1494,123,2023-11-08 06:51:20,PENDING,6,599.90
1495,418,2024-04-06 15:50:11,REFUNDED,13,327.15
1496,447,2024-03-10 20:03:42,CANCELLED,10,787.85
1497,362,2023-03-21 16:44:11,PENDING,2,114.38
1498,202,2025-08-18 13:28:24,CANCELLED,15,30.29
1499,479,2023-12-04 14:09:02,REFUNDED,4,252.32
1500,109,2025-01-15 21:43:13,REFUNDED,1,68.77
1501,457,2023-01-27 09:49:28,COMPLETED,25,834.89
1502,80,2024-05-09 22:06:39,CANCELLED,15,146.87
1503,297,2024-11-03 04:21:10,COMPLETED,11,577.51
1504,152,2024-01-11 12:46:29,COMPLETED,24,17.07
1505,488,2023-07-26 13:36:25,COMPLETED,1,642.46
1506,322,2024-12-02 14:24:59,COMPLETED,22,838.96
1507,79,2025-01-22 02:11:56,COMPLETED,18,556.12
1508,415,2023-02-22 01:05:49,REFUNDED,8,812.12
1509,408,2023-09-18 21:17:59,COMPLETED,21,293.88
1510,39,2023-08-10 05:15:41,COMPLETED,8,78.79
1511,419,2025-05-01 17:39:28,COMPLETED,16,141.99
1512,195,2023-10-16 09:58:26,REFUNDED,6,224.75
1513,309,2025-09-13 09:32:54,PENDING,11,772.24
1514,4,2023-06-12 02:07:52,PENDING,7,444.52
1515,71,2024-11-24 01:31:28,REFUNDED,8,126.18
1516,5962,2025-03-12 23:04:15,COMPLETED,21,256.32
1517,174,2024-12-25 09:42:09,REFUNDED,24,170.70
1518,185,2023-06-14 18:35:39,CANCELLED,15,260.99
1519,449,2024-10-07 09:26:38,COMPLETED,5,660.03
1520,190,2023-10-12 18:31:56,COMPLETED,20,701.64
1521,414,2024-11-24 16:43:33,COMPLETED,12,169.68
1522,429,2023-12-23 18:23:06,CANCELLED,15,487.20
1523,422,2023-07-03 03:54:25,COMPLETED,12,660.47
1524,415,2025-06-16 03:15:49,REFUNDED,2,548.02
1525,312,2023-04-29 02:27:15,COMPLETED,21,690.24
1526,77,2025-04-16 15:03:18,COMPLETED,19,251.22
1527,295,2023-03-02 19:42:05,CANCELLED,2,195.60
1528,33,2024-06-25 22:06:15,COMPLETED,25,684.77
1529,442,2023-12-21 22:49:01,REFUNDED,23,692.44
1530,331,2025-02-24 05:44:17,COMPLETED,18,654.09
1531,162,2023-07-08 08:10:09,COMPLETED,4,339.41
1532,24,2023-04-02 21:49:37,CANCELLED,23,694.27
1533,241,2024-08-24 14:20:32,REFUNDED,14,809.38
1534,266,2023-06-30 15:53:43,REFUNDED,24,73.83
1535,245,2024-04-23 19:20:27,PENDING,6,433.59
1536,472,2025-09-11 01:42:29,PENDING,4,462.11
1537,441,2023-05-29 00:45:25,COMPLETED,5,413.41
1538,76,2023-08-12 00:14:28,CANCELLED,6,696.14
1539,379,2024-12-21 00:00:23,COMPLETED,15,12.52
1540,420,2023-08-29 12:29:49,COMPLETED,5,891.90
1541,202,2024-08-21 07:09:31,COMPLETED,4,209.67
1542,363,2024-08-31 04:12:56,COMPLETED,6,754.76
1543,94,2024-12-11 01:11:00,COMPLETED,22,704.27
1544,163,2024-03-30 06:58:45,REFUNDED,23,794.07
1545,342,2024-11-09 14:45:51,COMPLETED,17,237.53
1546,443,2024-11-25 07:09:13,COMPLETED,5,665.25
1547,148,2023-11-22 02:55:25,CANCELLED,21,509.67
1548,156,2025-05-31 08:19:51,REFUNDED,23,641.13
1549,193,2024-06-15 07:37:53,PENDING,20,243.37
1550,457,2025-05-09 00:49:12,PENDING,16,751.94
1551,342,2024-10-16 16:35:01,PENDING,19,732.77
1552,271,2024-12-14 05:10:20,PENDING,3,741.79
1553,242,2024-05-14 01:33:48,COMPLETED,10,488.67
1554,375,2024-10-05 08:44:39,COMPLETED,23,43.82
1555,117,2023-03-22 05:23:13,REFUNDED,7,669.10
1556,148,2024-09-06 10:44:56,COMPLETED,15,72.60
1557,329,2025-02-09 19:13:12,PENDING,17,539.49
1558,38,2025-04-09 09:12:17,PENDING,10,601.82
1559,123,2025-02-18 22:43:24,COMPLETED,15,595.39
1560,292,2025-07-08 17:19:22,REFUNDED,8,146.71
1561,319,2023-12-18 22:36:56,COMPLETED,16,780.51
1562,496,2023-06-23 02:03:25,COMPLETED,24,186.22
1563,339,2024-05-06 00:28:39,REFUNDED,12,636.56
1564,81,2023-11-29 09:10:51,CANCELLED,14,542.01
1565,5,2023-10-07 23:33:59,PENDING,22,280.36
1566,490,2024-12-30 07:17:20,COMPLETED,25,532.90
1567,438,2023-05-18 15:19:09,COMPLETED,4,769.85
1568,413,2023-07-04 06:04:28,COMPLETED,25,558.16
1569,26,2025-07-11 05:00:58,REFUNDED,23,747.70
1570,181,2025-02-22 10:00:26,CANCELLED,8,798.82
1571,208,2023-06-11 18:05:56,COMPLETED,6,288.23
1572,148,2023-10-17 04:18:09,COMPLETED,20,755.95
1573,234,2025-02-17 23:33:23,REFUNDED,24,815.49
1574,395,2025-08-26 19:10:41,REFUNDED,2,768.40
1575,109,2024-07-02 14:23:49,COMPLETED,4,204.97
1576,147,2023-08-30 12:12:01,REFUNDED,8,716.36
1577,403,2024-04-13 12:46:52,COMPLETED,15,700.87
1578,86,2025-04-26 04:13:18,CANCELLED,5,102.17
1579,170,2023-07-10 12:28:39,CANCELLED,24,201.60
1580,258,2025-07-20 10:15:47,PENDING,7,500.17
1581,251,2024-07-11 21:08:50,COMPLETED,24,75.52
1582,45,2025-08-13 03:42:59,COMPLETED,9,586.62
1583,462,2025-01-11 11:07:28,COMPLETED,19,30.73
1584,317,2025-08-09 04:09:27,REFUNDED,14,64.64
1585,302,2023-06-02 21:05:07,CANCELLED,10,173.23
1586,72,2024-07-22 21:33:25,PENDING,5,92.00
1587,251,2025-09-04 02:10:02,COMPLETED,10,850.05
1588,493,2025-04-18 03:20:05,COMPLETED,5,879.54
1589,488,2024-04-15 19:54:00,PENDING,5,640.08
1590,398,2025-02-15 07:57:13,REFUNDED,17,18.18
1591,226,2025-05-03 21:22:48,PENDING,25,896.98
1592,233,2025-06-22 11:35:12,PENDING,19,724.87
1593,374,2025-01-29 01:40:45,PENDING,24,84.79
1594,398,2023-08-11 01:59:00,COMPLETED,14,567.59
1595,379,2025-08-21 16:48:30,COMPLETED,2,677.51
1596,427,2023-04-20 06:47:02,CANCELLED,23,812.79
1597,156,2023-12-24 15:59:29,REFUNDED,15,724.17
1598,69,2024-11-26 10:57:19,PENDING,14,472.89
1599,44,2025-03-06 02:16:45,CANCELLED,5,58.70
1600,301,2023-07-17 23:12:04,CANCELLED,22,745.71
1601,281,2024-12-02 12:46:42,REFUNDED,17,364.38
1602,88,2024-09-22 02:29:47,COMPLETED,8,653.33
1603,446,2024-07-30 16:30:54,COMPLETED,15,530.77
1604,337,2023-11-24 20:53:32,COMPLETED,20,33.07
1605,207,2023-09-28 23:46:18,CANCELLED,10,395.60
1606,152,2024-05-06 01:48:07,COMPLETED,20,679.68
1607,168,2025-03-11 22:03:33,COMPLETED,21,522.71
1608,25,2023-08-10 23:59:45,COMPLETED,6,351.73
1609,40,2025-08-28 07:41:48,REFUNDED,6,521.76
1610,308,2024-11-19 16:49:22,CANCELLED,5,814.29
1611,344,2023-01-28 00:41:10,COMPLETED,18,782.94
1612,141,2025-09-06 10:38:13,COMPLETED,17,880.30
1613,286,2023-05-15 07:03:33,COMPLETED,14,292.46
1614,478,2024-12-25 18:51:03,PENDING,23,281.35
1615,345,2023-02-04 22:11:55,COMPLETED,23,114.48
1616,378,2023-09-06 00:39:48,PENDING,11,511.17
1617,117,2024-05-19 19:31:29,PENDING,4,874.57
1618,375,2023-07-27 00:38:52,CANCELLED,6,837.50
1619,186,2023-09-23 05:32:21,COMPLETED,5,60.73
1620,285,2023-12-25 14:38:43,CANCELLED,12,148.69
1621,199,2025-08-03 00:41:10,REFUNDED,3,840.18
1622,292,2025-01-04 00:56:01,CANCELLED,1,885.12
1623,262,2025-07-22 07:33:59,PENDING,3,519.06
1624,138,2023-08-12 06:35:14,REFUNDED,15,730.43
1625,455,2024-10-16 00:05:37,PENDING,22,90.99
1626,297,2024-02-24 00:37:53,COMPLETED,15,505.47
1627,264,2025-03-31 12:09:34,COMPLETED,14,21.54
1628,305,2023-05-09 01:12:08,PENDING,19,114.73
1629,107,2025-05-12 13:36:58,COMPLETED,2,883.91
1630,204,2024-05-10 22:12:09,COMPLETED,23,482.82
1631,332,2023-04-02 05:07:53,PENDING,11,470.18
1632,89,2024-03-11 10:35:55,COMPLETED,10,431.35
1633,315,2024-08-12 20:06:50,COMPLETED,25,412.94
1634,288,2023-03-24 16:38:23,PENDING,2,295.08
1635,200,2023-01-24 18:46:46,REFUNDED,20,735.36
1636,351,2024-02-01 20:09:18,PENDING,22,868.30
1637,499,2024-05-26 13:21:32,PENDING,6,543.19
1638,330,2023-01-13 18:49:06,COMPLETED,6,336.05
1639,324,2024-09-16 19:55:32,COMPLETED,23,204.21
1640,44,2025-03-27 16:57:04,PENDING,17,37.21
1641,470,2025-04-03 13:33:41,PENDING,1,106.34
1642,201,2025-07-07 14:22:01,REFUNDED,17,670.69
1643,327,2024-03-15 07:50:23,COMPLETED,22,184.13
1644,390,2024-09-14 00:48:04,COMPLETED,15,174.46
1645,175,2024-11-28 09:14:48,CANCELLED,24,542.97
1646,350,2024-12-10 17:51:02,COMPLETED,20,454.52
1647,93,2024-03-22 00:57:50,COMPLETED,9,392.65
1648,154,2025-02-23 02:39:25,PENDING,23,697.70
1649,482,2024-08-14 09:42:51,COMPLETED,12,221.54
1650,299,2023-02-15 17:36:55,CANCELLED,25,784.60
1651,370,2025-09-22 08:42:43,PENDING,1,669.23
1652,421,2024-08-23 04:25:48,REFUNDED,1,439.23
1653,277,2023-11-08 21:36:27,REFUNDED,5,5.04
1654,381,2025-05-31 00:57:01,COMPLETED,6,508.85
1655,491,2024-01-08 11:10:49,CANCELLED,25,412.25
1656,207,2023-02-07 04:52:41,PENDING,7,170.24
1657,426,2023-03-11 16:11:48,COMPLETED,22,23.48
1658,265,2025-04-26 14:30:38,COMPLETED,21,114.17
1659,101,2025-08-25 23:45:05,COMPLETED,23,593.86
1660,145,2023-04-09 06:32:40,PENDING,25,864.40
1661,125,2025-05-04 03:45:39,COMPLETED,20,218.06
1662,143,2024-06-16 15:13:49,COMPLETED,23,661.56
1663,244,2024-04-02 12:42:32,CANCELLED,17,146.41
1664,500,2024-09-17 12:22:32,COMPLETED,10,771.98
1665,338,2024-01-24 04:26:36,COMPLETED,24,251.07
1666,404,2025-01-16 05:13:21,REFUNDED,25,477.57
1667,166,2025-04-30 12:48:51,CANCELLED,19,208.55
1668,466,2024-07-20 05:08:07,COMPLETED,7,15.31
1669,398,2023-03-18 00:50:08,REFUNDED,19,187.45
1670,422,2024-09-17 19:03:41,COMPLETED,25,615.65
1671,465,2024-09-15 07:27:44,COMPLETED,10,89.50
1672,116,2024-10-15 04:16:36,CANCELLED,9,356.99
1673,115,2025-08-23 03:37:13,REFUNDED,10,840.27
1674,59,2025-05-30 00:03:38,CANCELLED,24,641.67
1675,358,2023-11-20 22:29:22,COMPLETED,6,480.51
1676,152,2025-08-09 10:51:35,COMPLETED,15,595.99
1677,186,2025-05-15 07:33:15,CANCELLED,1,174.80
1678,105,2024-02-03 16:11:35,CANCELLED,24,391.84
1679,302,2025-05-25 19:20:47,COMPLETED,24,284.37
1680,449,2023-09-12 04:17:26,CANCELLED,10,667.37
1681,112,2025-01-22 17:33:10,REFUNDED,7,845.02
1682,83,2024-07-17 16:23:35,PENDING,12,825.34
1683,229,2023-10-27 08:38:29,PENDING,5,669.52
1684,485,2024-02-11 21:20:34,COMPLETED,11,265.31
1685,77,2024-05-24 04:57:12,PENDING,4,251.48
1686,260,2023-04-19 22:41:00,COMPLETED,23,133.52
1687,279,2025-02-23 23:01:58,COMPLETED,16,149.28
1688,308,2024-11-01 14:39:22,PENDING,9,221.54
1689,327,2025-05-29 05:52:38,REFUNDED,13,651.60
1690,3,2025-07-16 21:13:40,COMPLETED,16,271.27
1691,425,2023-06-20 13:28:20,REFUNDED,19,267.12
1692,130,2023-06-27 13:04:53,COMPLETED,13,786.89
1693,239,2023-10-06 10:41:43,COMPLETED,14,299.92
1694,53,2023-01-15 02:26:43,CANCELLED,3,671.41
1695,427,2023-04-12 23:26:46,PENDING,1,731.50
1696,52,2024-02-07 03:47:01,COMPLETED,1,504.34
1697,85,2025-05-20 17:03:30,REFUNDED,19,806.94
1698,284,2023-05-16 06:53:14,COMPLETED,14,336.60
1699,43,2024-08-11 15:28:52,COMPLETED,11,190.11
1700,14,2023-01-07 07:39:51,COMPLETED,15,616.83
1701,263,2023-10-06 23:32:32,REFUNDED,20,696.50
1702,4,2025-06-20 22:05:59,COMPLETED,17,844.04
1703,234,2024-07-06 23:30:56,COMPLETED,12,717.83
1704,143,2024-01-03 15:44:53,PENDING,21,853.45
1705,146,2023-03-26 02:40:02,REFUNDED,12,577.09
1706,115,2023-10-09 19:55:24,COMPLETED,13,743.75
1707,203,2023-07-07 09:31:23,COMPLETED,2,248.51
1708,399,2024-07-10 20:03:55,CANCELLED,15,897.79
1709,262,2025-03-31 08:42:02,COMPLETED,12,679.85
1710,312,2023-01-10 01:21:16,COMPLETED,22,756.56
1711,2,2023-07-23 14:01:55,COMPLETED,4,595.90
1712,230,2025-01-11 10:02:19,REFUNDED,9,809.94
1713,428,2023-07-17 16:12:53,CANCELLED,10,555.95
1714,229,2023-11-05 02:37:01,PENDING,4,178.78
1715,3,2023-07-25 17:57:46,PENDING,9,425.96
1716,309,2024-02-17 17:04:23,PENDING,7,407.96
1717,479,2025-08-20 09:52:02,COMPLETED,3,295.42
1718,302,2025-03-09 16:33:07,PENDING,21,393.29
1719,416,2023-07-02 06:37:48,PENDING,13,386.72
1720,122,2023-02-15 05:33:54,PENDING,25,631.94
1721,158,2023-09-03 08:20:51,CANCELLED,5,859.23
1722,371,2025-08-02 18:30:13,COMPLETED,8,194.29
1723,321,2024-12-25 13:53:15,CANCELLED,9,713.33
1724,348,2023-06-17 00:42:06,COMPLETED,1,522.28
1725,498,2025-07-11 16:09:01,PENDING,20,215.02
1726,280,2024-12-17 17:40:29,COMPLETED,8,459.59
1727,395,2024-10-22 22:58:04,REFUNDED,12,266.23
1728,369,2024-04-08 08:51:55,COMPLETED,6,653.40
1729,126,2025-01-03 06:53:29,REFUNDED,10,314.44
1730,498,2024-01-08 05:56:45,PENDING,22,188.40
1731,355,2024-04-30 05:01:27,PENDING,20,89.03
1732,338,2023-10-13 05:10:48,CANCELLED,8,342.55
1733,388,2023-06-01 12:09:15,REFUNDED,-1,316.96
1734,274,2024-06-20 15:55:22,COMPLETED,17,308.29
1735,328,2023-12-06 23:56:06,PENDING,18,82.01
1736,416,2024-04-30 20:02:48,COMPLETED,11,188.69
1737,419,2023-01-29 17:53:43,COMPLETED,1,864.22
1738,87,2024-02-07 00:26:50,REFUNDED,18,604.48
1739,112,2023-07-19 07:39:43,REFUNDED,21,723.74
1740,15,2023-06-27 18:32:27,COMPLETED,5,787.90
1741,14,2025-06-07 07:14:40,PENDING,13,686.30
1742,126,2024-05-07 01:23:30,COMPLETED,6,32.30
1743,54,2024-03-15 11:16:53,PENDING,6,327.83
1744,150,2023-11-21 00:22:44,REFUNDED,14,291.61
1745,63,2025-06-15 12:02:25,REFUNDED,11,750.07
1746,357,2024-07-10 12:41:04,CANCELLED,23,107.79
1747,451,2023-10-26 03:37:17,COMPLETED,18,739.11
1748,106,2023-08-18 03:13:25,REFUNDED,24,152.08
1749,333,2023-05-01 17:39:14,REFUNDED,15,462.10
1750,139,2023-01-19 07:06:34,COMPLETED,22,852.67
1751,196,2025-09-10 07:55:52,PENDING,24,302.50
1752,320,2024-05-24 07:54:24,COMPLETED,5,809.50
1753,111,2025-01-02 14:59:37,COMPLETED,13,570.31
1754,104,2025-01-23 04:55:26,COMPLETED,13,300.90
1755,190,2024-06-27 19:03:14,COMPLETED,19,808.79
1756,259,2024-12-24 23:31:27,PENDING,16,713.41
1757,496,2023-11-01 15:30:32,REFUNDED,12,643.35
1758,168,2023-05-03 15:41:20,COMPLETED,19,763.74
1759,210,2025-09-12 11:13:57,COMPLETED,2,113.63
1760,2,2023-09-07 15:10:02,PENDING,1,709.62
1761,487,2024-04-29 17:45:55,PENDING,16,316.84
1762,458,2023-06-11 07:30:01,COMPLETED,4,459.90
1763,6,2024-10-26 22:10:51,COMPLETED,1,218.64
1764,138,2025-01-11 22:40:20,CANCELLED,3,335.68
1765,147,2024-06-14 02:11:59,COMPLETED,5,803.12
1766,355,2023-05-20 09:37:36,COMPLETED,25,377.98
1767,71,2023-04-20 20:33:24,PENDING,11,203.25
1768,388,2023-07-06 17:06:59,COMPLETED,24,137.52
1769,58,2023-07-14 19:50:21,REFUNDED,5,405.44
1770,206,2024-02-13 00:40:14,CANCELLED,13,100.98
1771,330,2023-01-24 06:38:31,COMPLETED,20,45.47
1772,262,2025-08-08 09:24:46,REFUNDED,6,849.19
1773,30,2023-09-27 20:17:43,COMPLETED,19,723.88
1774,471,2023-05-15 08:43:28,COMPLETED,21,418.99
1775,468,2023-05-15 12:10:15,COMPLETED,3,364.52
1776,338,2025-02-19 08:31:21,REFUNDED,5,573.06
1777,117,2024-02-10 16:44:08,COMPLETED,25,775.25
1778,235,2025-07-20 12:58:27,CANCELLED,9,855.18
1779,55,2023-02-26 07:01:47,COMPLETED,24,426.36
1780,356,2024-05-31 22:21:34,COMPLETED,9,802.57
1781,2,2025-08-23 14:41:52,CANCELLED,6,560.69
1782,285,2023-07-07 20:20:56,PENDING,24,485.62
1783,8,2023-04-21 12:07:39,COMPLETED,12,629.47
1784,121,2023-11-18 09:43:58,CANCELLED,12,867.51
1785,342,2025-03-31 06:27:32,CANCELLED,7,624.26
1786,329,2024-02-19 19:11:37,REFUNDED,2,407.66
1787,94,2023-11-28 14:05:33,REFUNDED,11,452.09
1788,424,2025-05-01 17:21:53,COMPLETED,14,368.88
1789,499,2023-12-10 19:32:32,COMPLETED,14,598.10
1790,211,2025-01-23 09:19:51,CANCELLED,17,611.85
1791,32,2024-05-22 13:54:48,COMPLETED,20,212.26
1792,251,2024-11-30 13:58:44,PENDING,14,492.02
1793,27,2025-01-17 01:32:33,COMPLETED,4,347.24
1794,275,2024-11-15 02:40:29,REFUNDED,4,829.70
1795,335,2025-03-12 16:54:41,COMPLETED,6,890.99
1796,307,2023-10-18 17:42:22,CANCELLED,10,721.06
1797,146,2025-06-14 14:12:31,PENDING,7,778.61
1798,364,2024-09-09 08:03:47,COMPLETED,20,116.65
1799,357,2024-08-21 19:39:03,COMPLETED,16,299.54
1800,244,2024-12-01 19:06:11,COMPLETED,8,852.13
1801,443,2024-04-24 23:55:40,COMPLETED,16,711.56
1802,212,2023-03-21 04:32:58,CANCELLED,5,172.89
1803,462,2025-01-09 00:21:13,COMPLETED,8,688.28
1804,473,2024-05-02 18:32:48,PENDING,23,247.74
1805,201,2023-01-21 17:47:11,COMPLETED,22,734.52
1806,262,2024-09-08 09:01:38,REFUNDED,14,871.00
1807,31,2023-08-03 18:08:14,COMPLETED,24,549.90
1808,234,2023-08-27 07:16:14,COMPLETED,24,523.17
1809,62,2025-07-13 06:21:21,REFUNDED,1,118.56
1810,147,2025-06-19 01:37:00,REFUNDED,5,136.41
1811,55,2024-03-18 14:59:19,COMPLETED,21,208.59
1812,1,2023-11-16 20:05:26,COMPLETED,4,115.48
1813,460,2023-09-25 06:53:15,CANCELLED,7,252.64
1814,277,2025-03-09 17:26:23,REFUNDED,21,9.31
1815,107,2023-03-18 19:34:41,CANCELLED,11,655.43
1816,27,2023-12-24 05:39:24,COMPLETED,5,480.14
1817,129,2025-05-30 07:23:01,COMPLETED,21,368.60
1818,116,2023-01-08 15:54:49,COMPLETED,15,704.97
1819,2,2023-07-16 17:09:36,CANCELLED,22,814.67
1820,387,2025-08-19 22:26:52,COMPLETED,13,874.26
1821,128,2025-01-12 00:10:28,PENDING,1,721.48
1822,1911,2023-06-24 18:12:56,COMPLETED,22,897.42
1823,138,2023-09-17 02:18:02,COMPLETED,16,542.15
1824,115,2024-11-30 15:35:12,PENDING,23,131.61
1825,38,2023-01-07 13:41:44,COMPLETED,-1,826.72
1826,113,2025-03-17 08:41:10,COMPLETED,25,734.64
1827,259,2023-10-24 01:40:43,REFUNDED,25,607.70
1828,148,2023-04-09 00:21:09,COMPLETED,12,350.50
1829,397,2024-03-16 06:08:24,COMPLETED,8,110.18
1830,46,2023-06-22 12:28:40,COMPLETED,14,334.75
1831,224,2024-10-04 09:27:24,COMPLETED,4,392.39
1832,224,2023-06-05 01:43:48,COMPLETED,24,483.67
1833,470,2024-08-24 00:45:48,COMPLETED,1,598.52
1834,24,2025-03-25 09:03:56,COMPLETED,2,440.03
1835,231,2024-03-06 01:34:04,PENDING,3,343.55
1836,100,2024-08-01 05:34:49,PENDING,3,773.61
1837,114,2023-11-22 20:17:11,PENDING,15,98.84
1838,139,2024-02-15 23:56:59,CANCELLED,10,356.55
1839,474,2024-12-28 23:40:03,COMPLETED,8,635.78
1840,51,2025-08-21 01:28:29,COMPLETED,1,125.49
1841,270,2025-08-05 15:28:50,CANCELLED,23,23.67
1842,478,2023-09-02 13:29:22,CANCELLED,4,859.56
1843,412,2024-05-17 21:01:40,REFUNDED,5,830.80
1844,262,2024-10-10 03:11:38,COMPLETED,22,744.65
1845,6,2023-07-07 13:29:08,COMPLETED,19,703.60
1846,128,2024-12-16 21:26:49,COMPLETED,23,466.27
1847,387,2023-01-27 09:01:04,PENDING,14,765.45
1848,495,2024-08-18 11:29:45,COMPLETED,25,451.65
1849,395,2024-02-03 18:44:27,COMPLETED,14,616.22
1850,396,2024-07-15 00:05:13,COMPLETED,1,33.28
1851,17,2023-12-08 16:24:40,REFUNDED,18,597.25
1852,89,2024-06-19 01:32:47,COMPLETED,10,655.54
1853,80,2023-08-13 13:20:50,COMPLETED,19,853.79
1854,422,2024-03-30 17:42:32,COMPLETED,13,710.90
1855,69,2023-08-20 01:42:15,PENDING,5,309.61
1856,473,2024-10-25 05:15:05,COMPLETED,7,620.50
1857,326,2023-12-26 23:35:26,CANCELLED,21,893.03
1858,341,2023-08-07 10:00:38,CANCELLED,14,850.42
1859,108,2023-01-29 22:41:40,COMPLETED,6,473.90
1860,116,2025-05-04 00:57:35,COMPLETED,2,27.09
1861,485,2024-01-26 23:52:55,REFUNDED,16,95.32
1862,43,2023-05-28 20:09:55,COMPLETED,8,350.97
1863,10,2023-10-14 19:11:39,COMPLETED,4,615.11
1864,222,2023-06-25 21:50:47,REFUNDED,7,573.75
1865,180,2025-01-27 03:52:09,CANCELLED,5,737.96
1866,463,2025-05-15 09:16:32,COMPLETED,23,65.08
1867,162,2024-10-06 05:28:03,COMPLETED,16,447.08
1868,85,2025-04-10 19:35:31,COMPLETED,3,440.16
1869,438,2024-12-22 12:25:13,COMPLETED,9,309.68
1870,142,2024-01-27 02:44:48,CANCELLED,3,432.02
1871,145,2023-05-01 08:02:06,REFUNDED,11,620.47
1872,190,2024-07-27 08:55:01,COMPLETED,16,117.21
1873,103,2023-03-08 20:45:23,COMPLETED,7,420.03
1874,117,2024-02-14 00:04:07,COMPLETED,15,329.21
1875,260,2023-12-28 09:53:52,COMPLETED,25,240.86
1876,255,2024-10-15 04:41:32,COMPLETED,8,162.47
1877,16,2023-07-24 03:28:45,REFUNDED,5,413.50
1878,272,2025-01-19 21:11:21,CANCELLED,11,471.90
1879,419,2024-02-02 18:28:45,COMPLETED,18,126.99
1880,227,2023-11-08 10:06:59,COMPLETED,17,341.66
1881,346,2024-06-11 21:30:30,CANCELLED,9,661.85
1882,386,2024-12-07 14:54:14,REFUNDED,22,704.25
1883,214,2024-03-04 14:55:38,REFUNDED,5,877.94
1884,427,2025-07-15 13:22:58,REFUNDED,7,118.45
1885,93,2025-02-10 22:19:32,CANCELLED,18,555.25
1886,29,2024-08-22 09:57:19,REFUNDED,1,859.19
1887,134,2023-12-22 05:48:42,COMPLETED,10,443.61
1888,349,2023-04-30 06:30:20,REFUNDED,19,50.45
1889,339,2025-07-26 23:01:40,REFUNDED,20,529.20
1890,112,2024-10-26 05:18:51,PENDING,13,117.31
1891,419,2023-04-08 00:14:18,COMPLETED,22,259.23
1892,116,2024-10-04 02:29:36,COMPLETED,5,579.70
1893,16,2024-08-28 09:37:39,REFUNDED,13,317.38
1894,485,2025-05-12 04:42:07,CANCELLED,21,320.85
1895,350,2024-08-11 01:26:59,COMPLETED,25,484.02
1896,8,2024-09-06 01:54:30,PENDING,13,691.56
1897,77,2023-12-01 19:57:48,CANCELLED,22,341.93
1898,225,2023-08-31 15:19:10,CANCELLED,15,739.34
1899,216,2024-08-17 01:09:53,COMPLETED,13,885.81
1900,64,2024-05-07 04:09:25,COMPLETED,3,173.72
1901,235,2024-07-28 17:59:45,COMPLETED,23,117.74
1902,474,2024-02-11 18:26:18,CANCELLED,25,590.74
1903,399,2023-05-22 07:16:00,COMPLETED,11,603.16
1904,5,2023-04-12 20:29:18,PENDING,8,526.27
1905,396,2025-02-04 14:47:23,COMPLETED,10,650.32
1906,120,2024-07-04 23:26:38,COMPLETED,16,28.35
1907,381,2024-06-02 13:35:43,COMPLETED,6,230.29
1908,258,2025-07-19 01:01:16,COMPLETED,4,694.46
1909,91,2024-10-04 09:34:11,COMPLETED,-5,128.32
1910,272,2024-01-11 17:40:28,CANCELLED,15,362.87
1911,194,2025-05-06 15:54:39,PENDING,12,725.60
1912,51,2024-05-30 12:53:51,REFUNDED,8,871.42
1913,153,2024-01-07 22:10:46,COMPLETED,7,550.26
1914,397,2024-09-07 17:11:54,COMPLETED,5,243.71
1915,359,2025-04-10 05:57:12,COMPLETED,12,46.90
1916,308,2023-12-18 01:36:30,COMPLETED,21,343.87
1917,108,2025-09-20 02:26:47,PENDING,2,554.88
1918,84,2023-08-20 16:55:00,COMPLETED,11,76.49
1919,57,2025-08-04 00:35:19,COMPLETED,21,289.66
1920,270,2023-01-28 17:37:34,COMPLETED,12,824.42
1921,43,2024-07-29 21:29:39,CANCELLED,24,417.93
1922,495,2023-11-12 01:02:24,COMPLETED,10,609.47
1923,80,2024-02-11 06:34:16,COMPLETED,7,327.90
1924,177,2025-06-09 13:34:12,COMPLETED,23,583.76
1925,269,2023-05-29 01:23:45,COMPLETED,22,713.83
1926,275,2023-10-29 00:36:09,COMPLETED,1,229.26
1927,331,2024-02-27 10:27:24,CANCELLED,3,725.78
1928,165,2023-06-18 21:19:27,COMPLETED,9,297.76
1929,320,2023-10-11 11:43:13,COMPLETED,19,440.98
1930,453,2024-07-10 11:51:28,COMPLETED,22,724.78
1931,122,2024-08-10 05:58:30,COMPLETED,10,37.49
1932,291,2024-06-02 06:27:23,COMPLETED,8,371.76
1933,220,2023-01-01 10:43:02,PENDING,21,695.01
1934,194,2025-06-29 00:09:34,CANCELLED,19,404.56
1935,208,2023-02-12 10:36:10,CANCELLED,10,334.17
1936,13,2024-07-08 21:20:29,COMPLETED,22,583.83
1937,485,2023-07-06 05:04:33,CANCELLED,22,624.74
1938,390,2024-07-31 18:54:09,COMPLETED,-1,173.31
1939,112,2025-06-03 22:44:49,PENDING,2,697.20
1940,82,2025-07-02 15:53:30,COMPLETED,6,216.76
1941,308,2023-10-21 23:52:51,PENDING,8,186.88
1942,147,2025-08-18 18:01:51,COMPLETED,5,218.81
1943,314,2024-01-13 13:50:24,REFUNDED,24,553.08
1944,478,2025-09-06 12:55:02,PENDING,21,601.92
1945,349,2024-05-13 16:15:03,CANCELLED,11,768.38
1946,23,2025-03-27 17:20:49,COMPLETED,10,315.36
1947,311,2025-09-05 00:16:44,REFUNDED,4,810.73
1948,204,2025-03-23 14:32:35,REFUNDED,9,63.76
1949,117,2024-12-10 00:09:15,COMPLETED,12,780.13
1950,63,2023-01-02 19:03:21,COMPLETED,20,315.80
1951,1,2024-01-01 14:45:15,PENDING,12,884.07
1952,119,2024-03-28 22:08:59,COMPLETED,19,789.02
1953,196,2023-09-17 15:18:03,REFUNDED,5,379.43
1954,409,2024-11-02 17:24:07,REFUNDED,17,474.12
1955,256,2025-01-20 01:32:37,COMPLETED,6,855.16
1956,271,2023-02-20 16:01:05,COMPLETED,13,682.20
1957,89,2023-10-25 06:36:52,PENDING,22,342.78
1958,69,2024-11-26 05:01:30,COMPLETED,22,218.85
1959,312,2025-05-24 23:59:13,COMPLETED,3,438.63
1960,237,2023-03-15 19:46:56,CANCELLED,25,649.25
1961,438,2024-08-27 13:34:55,REFUNDED,4,196.90
1962,210,2024-09-19 03:14:40,CANCELLED,11,222.47
1963,47,2025-08-04 02:43:27,COMPLETED,2,676.23
1964,425,2024-09-12 10:12:59,COMPLETED,5,406.05
1965,456,2025-08-31 00:47:39,PENDING,14,579.75
1966,38,2023-09-29 20:24:22,COMPLETED,17,858.24
1967,144,2024-04-18 13:52:19,COMPLETED,18,204.38
1968,90,2024-07-24 23:02:45,COMPLETED,13,325.43
1969,392,2023-11-28 23:59:43,REFUNDED,4,734.26
1970,25,2024-03-06 06:46:38,COMPLETED,13,268.61
1971,175,2025-05-21 09:15:40,PENDING,17,746.70
1972,460,2023-03-11 15:48:21,PENDING,5,773.93
1973,473,2024-11-15 00:49:25,COMPLETED,20,292.29
1974,465,2025-04-05 15:11:04,COMPLETED,14,724.80
1975,87,2024-05-26 05:35:29,COMPLETED,17,616.38
1976,81,2023-12-25 04:52:26,COMPLETED,15,387.83
1977,463,2024-07-24 17:09:31,COMPLETED,8,876.69
1978,422,2024-12-27 05:16:11,CANCELLED,4,502.89
1979,381,2024-10-29 05:21:06,REFUNDED,16,856.01
1980,201,2025-05-14 13:46:17,REFUNDED,14,311.36
1981,110,2024-07-11 05:04:03,COMPLETED,7,888.69
1982,64,2023-10-12 20:21:10,COMPLETED,23,806.29
1983,326,2025-03-15 08:42:50,CANCELLED,14,103.15
1984,110,2025-08-10 01:54:24,REFUNDED,19,459.82
1985,257,2023-10-29 21:08:18,COMPLETED,9,64.08
1986,24,2024-06-03 18:52:09,COMPLETED,12,489.92
1987,465,2024-07-29 10:59:59,COMPLETED,7,504.97
1988,111,2023-07-23 03:17:50,CANCELLED,10,530.38
1989,421,2023-11-09 05:54:08,CANCELLED,12,615.53
1990,270,2024-01-02 11:38:53,COMPLETED,23,424.33
1991,221,2024-04-07 06:57:47,PENDING,23,340.78
1992,477,2023-02-22 10:02:07,PENDING,2,670.50
1993,232,2023-11-06 14:37:15,COMPLETED,9,60.56
1994,82,2023-08-30 21:55:24,REFUNDED,10,315.27
1995,34,2024-11-11 20:15:16,PENDING,1,868.39
1996,333,2025-09-13 18:59:51,CANCELLED,22,144.64
1997,116,2024-01-27 12:47:48,COMPLETED,16,711.00
1998,198,2023-04-14 23:07:23,REFUNDED,21,886.44
1999,423,2025-04-11 16:06:46,COMPLETED,6,710.92
2000,150,2023-10-18 03:37:39,COMPLETED,18,255.86
2001,286,2024-02-02 21:37:20,COMPLETED,9,627.64
2002,485,2024-08-03 16:33:16,COMPLETED,1,185.44
2003,199,2025-09-10 20:15:16,REFUNDED,19,455.89
2004,488,2025-09-18 13:23:09,REFUNDED,18,530.65
2005,105,2023-01-17 11:10:44,COMPLETED,25,731.72
2006,276,2025-09-22 14:46:00,COMPLETED,2,391.86
2007,396,2024-08-04 04:54:47,CANCELLED,10,403.44
2008,60,2024-09-13 14:36:00,COMPLETED,7,804.67
2009,440,2025-06-29 11:39:54,COMPLETED,5,687.67
2010,493,2025-03-03 07:37:26,COMPLETED,3,177.25
2011,455,2024-08-17 10:30:24,COMPLETED,5,864.49
2012,412,2023-09-08 03:53:33,CANCELLED,4,540.54
2013,96,2025-01-08 05:43:35,PENDING,8,317.67
2014,122,2024-01-11 02:04:04,COMPLETED,6,817.86
2015,191,2023-07-16 02:13:21,REFUNDED,20,513.65
2016,291,2024-12-04 20:41:07,PENDING,3,886.71
2017,33,2023-04-21 13:21:43,COMPLETED,15,604.64
2018,40,2023-06-27 00:38:15,COMPLETED,9,643.02
2019,343,2023-03-23 21:03:28,REFUNDED,19,498.62
2020,392,2023-12-18 09:25:46,COMPLETED,18,627.58
2021,131,2023-10-25 07:21:23,COMPLETED,13,652.39
2022,158,2023-03-21 06:47:09,REFUNDED,14,567.04
2023,499,2025-06-29 19:15:16,CANCELLED,6,29.34
2024,429,2023-11-16 16:00:39,CANCELLED,3,633.83
2025,58,2024-09-07 00:23:13,CANCELLED,12,416.84
2026,293,2023-02-11 21:46:45,REFUNDED,12,265.76
2027,237,2023-09-14 08:58:23,REFUNDED,5,62.46
2028,414,2024-03-07 07:11:19,COMPLETED,14,294.09
2029,465,2025-07-12 18:06:41,COMPLETED,14,148.92
2030,260,2023-09-29 01:41:50,CANCELLED,0,116.78
2031,118,2024-01-05 02:28:55,PENDING,17,470.90
2032,91,2024-04-29 17:50:09,CANCELLED,11,389.94
2033,318,2025-01-13 12:48:18,REFUNDED,22,692.95
2034,325,2024-09-18 14:17:56,PENDING,15,683.99
2035,4,2023-09-22 08:27:43,REFUNDED,19,164.88
2036,205,2023-06-26 18:17:44,COMPLETED,22,44.52
2037,123,2023-04-26 03:50:43,CANCELLED,6,716.06
2038,380,2023-09-23 08:43:55,CANCELLED,9,657.96
2039,268,2024-09-02 10:05:17,PENDING,18,184.99
2040,392,2023-11-30 21:23:07,REFUNDED,25,391.40
2041,416,2025-03-20 10:46:34,COMPLETED,11,198.25
2042,467,2024-06-14 13:44:44,PENDING,23,679.78
2043,26,2025-02-05 00:22:55,COMPLETED,20,29.79
2044,47,2024-06-28 01:49:26,PENDING,19,532.31
2045,487,2024-01-09 12:05:18,CANCELLED,-5,76.61
2046,148,2023-06-30 15:10:08,CANCELLED,24,387.03
2047,393,2024-10-08 05:04:23,COMPLETED,19,809.63
2048,233,2023-08-19 11:47:58,REFUNDED,15,713.24
2049,260,2023-02-04 19:59:32,CANCELLED,24,545.06
2050,44,2025-07-22 10:20:48,COMPLETED,10,49.03
2051,491,2025-01-15 09:43:17,PENDING,5,507.85
2052,421,2025-05-28 06:35:04,COMPLETED,18,808.17
2053,10035,2024-04-20 05:41:25,CANCELLED,6,91.72
2054,120,2023-10-17 02:12:23,COMPLETED,19,887.25
2055,473,2024-05-16 23:29:38,PENDING,20,5.52
2056,331,2023-11-10 14:14:07,PENDING,10,752.20
2057,61,2025-01-05 13:22:12,COMPLETED,3,728.23
2058,139,2025-03-25 09:16:06,COMPLETED,8,657.43
2059,230,2025-05-09 22:53:46,REFUNDED,8,817.68
2060,305,2023-05-14 18:23:37,PENDING,15,383.95
2061,67,2025-05-04 18:58:21,COMPLETED,18,420.46
2062,98,2023-02-24 09:38:25,COMPLETED,13,861.50
2063,331,2023-12-17 12:21:34,COMPLETED,12,120.55
2064,434,2023-11-24 18:33:40,COMPLETED,23,130.37
2065,199,2024-09-08 19:26:56,PENDING,12,55.06
2066,343,2023-05-08 14:15:44,REFUNDED,18,505.92
2067,251,2025-09-05 09:36:53,CANCELLED,15,811.42
2068,121,2024-04-20 05:48:31,COMPLETED,5,189.51
2069,338,2023-01-20 18:39:21,PENDING,18,800.41
2070,226,2025-01-06 22:51:13,COMPLETED,21,180.83
2071,52,2024-06-29 20:20:48,REFUNDED,24,720.40
2072,483,2023-05-27 21:39:31,COMPLETED,12,852.91
2073,124,2023-06-29 08:54:32,CANCELLED,5,844.54
2074,347,2025-06-10 23:31:42,COMPLETED,23,602.69
2075,104,2025-09-01 04:29:05,COMPLETED,1,621.51
2076,215,2025-03-28 01:49:17,COMPLETED,17,537.05
2077,479,2023-09-08 07:15:29,PENDING,14,740.08
2078,19,2023-09-14 21:27:03,COMPLETED,10,624.69
2079,244,2025-04-20 17:36:13,PENDING,4,482.67
2080,370,2025-04-21 02:51:23,PENDING,19,580.09
2081,8001,2025-01-13 03:02:29,COMPLETED,19,285.97
2082,6932,2023-06-02 14:43:48,COMPLETED,3,856.59
2083,434,2024-04-11 05:17:29,COMPLETED,12,548.94
2084,216,2024-08-14 02:43:09,COMPLETED,17,123.81
2085,307,2024-07-10 16:35:20,COMPLETED,4,614.57
2086,387,2023-11-28 11:04:58,CANCELLED,24,117.60
2087,263,2025-02-11 22:17:06,COMPLETED,3,737.34
2088,235,2023-02-11 02:24:11,COMPLETED,18,668.08
2089,157,2023-09-26 14:21:33,COMPLETED,16,770.59
2090,16,2024-02-17 19:15:22,CANCELLED,6,603.87
2091,54,2023-07-04 13:11:00,COMPLETED,23,316.37
2092,116,2025-05-15 15:44:32,PENDING,13,217.33
2093,49,2023-06-14 10:03:50,COMPLETED,4,267.55
2094,291,2024-06-03 23:19:44,COMPLETED,4,494.86
2095,254,2025-02-12 14:17:30,CANCELLED,22,530.36
2096,28,2023-09-15 14:27:40,REFUNDED,11,852.51
2097,293,2024-01-11 12:39:12,COMPLETED,10,420.30
2098,83,2024-11-24 13:16:41,COMPLETED,15,18.23
2099,12,2024-12-06 14:24:47,COMPLETED,19,6.92
2100,70,2024-10-13 14:33:55,COMPLETED,21,711.55
2101,50,2024-04-27 20:27:28,CANCELLED,3,375.35
2102,318,2024-02-12 02:13:12,REFUNDED,3,44.61
2103,54,2023-04-27 04:02:29,COMPLETED,25,641.87
2104,236,2024-07-30 04:43:46,COMPLETED,12,660.58
2105,125,2025-06-17 12:54:12,COMPLETED,20,699.77
2106,412,2024-02-06 00:36:56,PENDING,22,504.41
2107,401,2023-09-30 19:38:45,COMPLETED,14,117.85
2108,223,2024-12-21 03:50:33,COMPLETED,8,78.09
2109,2,2025-09-14 18:54:29,PENDING,4,578.34
2110,134,2024-06-10 21:44:51,COMPLETED,5,551.21
2111,88,2023-01-06 13:09:19,REFUNDED,8,217.32
2112,51,2024-01-12 07:12:31,REFUNDED,16,477.30
2113,288,2023-06-03 14:10:26,CANCELLED,7,343.12
2114,478,2024-07-31 05:09:37,COMPLETED,11,54.35
2115,480,2024-08-03 18:58:03,COMPLETED,11,214.25
2116,314,2024-02-28 10:16:11,REFUNDED,13,698.80
2117,380,2025-08-31 23:10:01,COMPLETED,7,746.33
2118,429,2024-05-06 22:55:09,COMPLETED,6,316.14
2119,448,2023-05-27 16:21:47,CANCELLED,24,313.12
2120,420,2023-07-01 05:42:12,REFUNDED,17,460.71
2121,312,2023-11-05 17:26:03,COMPLETED,18,365.39
2122,312,2023-10-19 06:52:30,COMPLETED,21,874.18
2123,147,2024-09-24 02:24:42,CANCELLED,20,321.69
2124,64,2024-01-25 07:31:05,COMPLETED,11,354.45
2125,123,2023-07-01 04:13:26,REFUNDED,23,399.75
2126,246,2023-01-13 04:35:27,CANCELLED,9,440.94
2127,221,2024-01-19 02:45:37,COMPLETED,14,239.53
2128,324,2024-07-08 00:14:26,COMPLETED,1,880.33
2129,250,2023-11-01 03:27:40,REFUNDED,10,465.56
2130,79,2024-03-01 23:06:57,CANCELLED,15,701.16
2131,483,2024-02-21 06:01:02,COMPLETED,1,781.26
2132,143,2023-01-16 04:11:01,COMPLETED,-1,493.19
2133,305,2024-01-29 01:27:12,COMPLETED,15,661.61
2134,238,2025-02-27 14:36:02,COMPLETED,11,523.17
2135,333,2023-12-12 19:26:54,COMPLETED,19,432.59
2136,445,2024-01-29 16:14:37,PENDING,15,33.90
2137,179,2023-10-13 13:38:53,COMPLETED,12,396.55
2138,68,2023-10-25 18:47:05,COMPLETED,8,227.00
2139,217,2024-01-04 19:39:37,PENDING,25,500.11
2140,302,2024-09-25 20:29:26,PENDING,1,546.58
2141,357,2024-05-15 16:29:21,REFUNDED,19,691.22
2142,331,2024-12-16 17:42:42,COMPLETED,24,112.50
2143,308,2023-11-03 07:19:14,PENDING,21,317.45
2144,215,2023-06-08 04:27:07,COMPLETED,13,778.50
2145,486,2024-11-25 17:30:28,CANCELLED,12,194.28
2146,33,2023-04-10 05:19:25,COMPLETED,2,843.22
2147,379,2024-08-27 09:58:23,CANCELLED,8,481.97
2148,399,2025-07-12 01:02:31,COMPLETED,3,62.05
2149,130,2025-05-02 15:26:51,COMPLETED,11,235.33
2150,335,2023-12-25 15:51:42,REFUNDED,14,349.53
2151,255,2025-09-27 21:22:27,COMPLETED,16,807.84
2152,417,2025-09-02 02:37:08,PENDING,14,752.47
2153,39,2025-03-01 12:42:06,CANCELLED,19,686.58
2154,378,2024-09-22 04:16:08,PENDING,9,323.51
2155,434,2024-09-25 19:31:48,COMPLETED,23,236.91
2156,146,2024-09-06 19:36:11,CANCELLED,14,615.47
2157,479,2023-02-25 23:20:33,COMPLETED,7,492.63
2158,221,2023-12-23 06:42:14,COMPLETED,22,152.76
2159,272,2023-05-25 19:14:11,CANCELLED,4,828.83
2160,308,2024-02-20 13:07:05,CANCELLED,11,168.60
2161,79,2024-08-16 22:01:42,PENDING,17,272.19
2162,339,2023-12-19 06:58:17,COMPLETED,6,186.70
2163,317,2025-08-24 01:53:33,COMPLETED,5,681.06
2164,454,2024-05-03 03:24:50,CANCELLED,13,740.28
2165,84,2025-01-07 20:42:06,COMPLETED,8,776.89
2166,48,2024-01-01 10:05:29,CANCELLED,10,862.87
2167,22,2024-09-12 23:45:59,PENDING,15,429.71
2168,440,2023-11-29 16:25:03,PENDING,15,633.42
2169,258,2025-02-13 17:16:41,COMPLETED,5,171.82
2170,42,2025-06-29 17:09:45,COMPLETED,15,382.96
2171,44,2025-05-20 12:53:47,COMPLETED,12,408.23
2172,419,2023-02-22 23:39:36,PENDING,13,585.43
2173,325,2024-08-17 06:01:36,REFUNDED,10,635.24
2174,7,2023-01-21 15:21:57,COMPLETED,23,521.52
2175,423,2025-02-18 18:41:04,CANCELLED,15,582.45
2176,407,2025-03-22 22:10:38,COMPLETED,16,831.70
2177,291,2025-02-25 03:04:31,COMPLETED,2,733.62
2178,484,2023-05-21 12:45:26,REFUNDED,25,241.02
2179,154,2023-06-03 13:44:50,COMPLETED,9,810.98
2180,442,2024-04-23 14:34:43,COMPLETED,10,631.22
2181,296,2024-05-08 06:18:18,COMPLETED,21,35.87
2182,44,2024-11-09 15:31:42,COMPLETED,19,673.76
2183,279,2024-03-02 05:22:46,PENDING,22,25.65
2184,297,2024-12-22 15:03:24,REFUNDED,4,418.09
2185,51,2024-11-09 03:48:36,PENDING,2,475.60
2186,325,2023-10-01 12:33:03,PENDING,15,540.05
2187,123,2024-02-05 00:38:28,REFUNDED,15,75.80
2188,425,2023-04-12 23:39:41,COMPLETED,8,14.30
2189,255,2025-03-22 06:38:41,PENDING,2,754.77
2190,171,2025-06-12 19:38:39,CANCELLED,18,850.39
2191,301,2025-01-23 15:36:44,COMPLETED,14,835.62
2192,43,2024-08-10 21:21:39,CANCELLED,6,342.06
2193,300,2024-07-06 01:22:10,REFUNDED,1,760.43
2194,258,2024-05-20 23:27:10,COMPLETED,12,8.15
2195,358,2025-05-07 02:57:50,COMPLETED,10,185.79
2196,478,2024-02-29 02:56:20,PENDING,7,723.16
2197,197,2024-05-21 08:46:52,PENDING,20,521.05
2198,44,2024-03-28 17:51:16,CANCELLED,18,54.11
2199,107,2023-12-09 07:04:38,PENDING,2,586.86
2200,98,2023-01-24 13:46:37,PENDING,19,841.54
2201,355,2025-07-15 23:48:17,CANCELLED,16,50.09
2202,43,2024-05-16 08:43:39,REFUNDED,12,237.37
2203,142,2025-07-16 14:20:46,COMPLETED,9,665.46
2204,222,2023-04-01 11:16:32,REFUNDED,2,413.42
2205,468,2023-02-09 12:39:13,COMPLETED,20,734.43
2206,44,2025-04-28 20:12:08,COMPLETED,15,635.79
2207,451,2024-12-28 18:18:20,PENDING,2,343.66
2208,3,2025-05-17 20:58:54,COMPLETED,10,768.93
2209,355,2023-06-21 02:47:39,COMPLETED,10,828.68
2210,227,2024-01-08 10:50:13,COMPLETED,4,557.66
2211,132,2023-03-10 22:44:30,REFUNDED,24,643.23
2212,404,2023-05-23 11:01:07,COMPLETED,7,17.98
2213,467,2024-07-04 16:47:51,REFUNDED,4,262.63
2214,93,2025-07-31 23:40:39,REFUNDED,1,289.93
2215,235,2024-10-23 14:00:09,COMPLETED,25,473.56
2216,186,2025-03-30 22:05:45,PENDING,21,754.03
2217,393,2024-09-20 17:17:03,COMPLETED,22,146.46
2218,334,2024-10-01 01:47:49,COMPLETED,23,318.79
2219,190,2023-01-22 21:45:08,REFUNDED,16,233.48
2220,488,2023-10-01 21:30:50,CANCELLED,24,508.28
2221,5,2024-10-16 12:34:04,COMPLETED,21,644.53
2222,128,2025-06-11 00:35:41,CANCELLED,5,501.68
2223,62,2025-01-26 08:22:03,PENDING,13,166.99
2224,401,2023-10-06 03:42:32,PENDING,2,793.45
2225,462,2024-11-14 09:14:34,COMPLETED,21,195.49
2226,438,2024-05-02 17:59:40,CANCELLED,5,793.39
2227,1616,2025-05-01 08:57:40,COMPLETED,7,668.04
2228,444,2024-08-18 17:08:14,PENDING,7,126.79
2229,322,2023-12-25 01:18:50,REFUNDED,9,197.31
2230,312,2024-05-16 12:20:48,REFUNDED,7,865.54
2231,145,2025-02-02 16:04:00,REFUNDED,13,867.42
2232,171,2025-04-01 02:13:35,CANCELLED,8,574.93
2233,376,2024-08-28 21:45:17,COMPLETED,24,204.74
2234,27,2024-10-02 18:38:31,COMPLETED,16,549.17
2235,178,2023-03-14 05:21:17,PENDING,1,202.49
2236,427,2023-08-16 01:41:51,REFUNDED,18,571.73
2237,211,2025-01-04 20:02:31,PENDING,23,588.37
2238,112,2024-09-07 22:03:04,REFUNDED,3,537.79
2239,138,2023-02-23 08:39:23,COMPLETED,2,426.55
2240,98,2025-01-26 17:29:29,COMPLETED,8,179.11
2241,397,2023-12-01 06:38:00,COMPLETED,19,132.77
2242,321,2024-01-18 18:32:49,COMPLETED,1,447.33
2243,429,2024-05-10 06:48:56,COMPLETED,21,634.63
2244,93,2024-10-22 05:29:02,REFUNDED,18,555.14
2245,343,2024-01-25 16:09:45,CANCELLED,3,210.65
2246,116,2023-01-02 07:15:44,CANCELLED,15,733.13
2247,443,2024-10-08 05:19:10,COMPLETED,19,123.72
2248,489,2025-06-19 05:51:16,PENDING,3,798.94
2249,370,2025-03-05 01:04:08,CANCELLED,23,238.66
2250,29,2023-01-11 01:25:22,PENDING,22,759.45
2251,323,2025-08-09 19:08:11,REFUNDED,16,697.62
2252,386,2023-07-31 13:30:00,REFUNDED,11,746.53
2253,62,2025-08-02 12:32:46,COMPLETED,12,660.12
2254,12,2024-09-23 22:17:51,COMPLETED,2,516.65
2255,185,2025-06-16 07:24:30,COMPLETED,19,601.17
2256,97,2023-01-04 22:15:54,PENDING,16,507.91
2257,30,2023-01-05 05:55:35,COMPLETED,1,737.47
2258,388,2025-07-29 09:11:30,COMPLETED,10,424.68
2259,201,2024-04-18 09:40:37,REFUNDED,10,592.52
2260,472,2025-08-30 23:31:28,PENDING,15,762.10
2261,53,2023-05-12 10:51:24,PENDING,9,895.60
2262,440,2023-04-21 23:00:45,PENDING,4,313.90
2263,496,2024-10-28 00:21:29,REFUNDED,16,7.04
2264,199,2025-01-08 18:10:04,COMPLETED,20,560.64
2265,47,2024-07-18 21:24:18,COMPLETED,11,121.66
2266,326,2023-08-20 10:03:23,COMPLETED,9,701.51
2267,116,2025-05-08 19:29:54,COMPLETED,14,495.28
2268,160,2023-01-20 18:35:53,REFUNDED,14,451.71
2269,273,2025-02-06 10:10:50,COMPLETED,-5,182.60
2270,467,2023-05-26 18:42:40,COMPLETED,24,54.99
2271,178,2025-02-08 07:30:23,PENDING,9,352.82
2272,69,2023-05-07 03:34:30,COMPLETED,21,219.39
2273,84,2024-02-17 22:11:20,REFUNDED,3,821.43
2274,264,2023-10-12 23:26:57,REFUNDED,4,265.14
2275,407,2025-04-27 03:07:26,PENDING,18,878.73
2276,158,2025-04-07 05:01:44,COMPLETED,5,173.67
2277,480,2023-08-12 02:00:28,COMPLETED,23,589.55
2278,228,2024-08-02 01:27:59,COMPLETED,23,693.93
2279,283,2025-03-27 20:43:54,COMPLETED,19,610.13
2280,224,2023-04-20 12:03:24,PENDING,6,48.58
2281,414,2024-01-22 05:48:36,COMPLETED,5,460.25
2282,234,2025-08-22 19:34:25,PENDING,2,374.31
2283,72,2024-02-26 05:52:40,COMPLETED,10,723.10
2284,90,2023-06-19 03:34:55,PENDING,2,573.85
2285,270,2023-04-23 03:09:30,CANCELLED,15,196.42
2286,14,2025-03-26 06:05:32,COMPLETED,17,271.23
2287,348,2025-05-29 17:30:56,PENDING,17,315.45
2288,157,2023-10-28 08:06:51,COMPLETED,5,66.22
2289,103,2024-04-02 17:28:07,COMPLETED,13,782.95
2290,159,2024-01-07 18:58:41,COMPLETED,15,793.56
2291,230,2024-08-17 10:48:04,CANCELLED,11,852.46
2292,430,2024-03-07 09:51:44,COMPLETED,19,702.63
2293,457,2023-01-10 18:58:01,COMPLETED,24,367.96
2294,250,2024-09-25 16:24:08,REFUNDED,9,575.35
2295,372,2023-09-28 05:53:17,COMPLETED,14,229.42
2296,478,2024-07-08 08:00:37,COMPLETED,13,682.73
2297,23,2024-01-03 16:28:00,PENDING,7,816.66
2298,356,2024-07-10 08:57:31,PENDING,23,322.03
2299,41,2023-04-03 14:15:32,PENDING,19,31.50
2300,50,2024-06-15 13:12:47,PENDING,12,816.81
2301,9,2025-08-09 00:28:32,PENDING,6,390.89
2302,122,2024-10-05 17:36:06,PENDING,9,637.81
2303,4,2025-04-25 03:32:05,PENDING,3,880.89
2304,294,2024-08-27 21:45:17,CANCELLED,25,740.22
2305,169,2025-05-26 21:01:14,REFUNDED,2,55.05
2306,198,2023-02-10 01:05:33,COMPLETED,25,617.35
2307,297,2024-05-01 17:29:04,CANCELLED,6,42.01
2308,183,2023-03-25 05:50:31,CANCELLED,24,471.86
2309,170,2025-08-15 05:51:40,COMPLETED,18,698.67
2310,462,2025-01-02 01:51:14,COMPLETED,24,266.52
2311,14,2024-02-06 08:22:05,COMPLETED,16,380.31
2312,40,2025-03-14 13:07:00,CANCELLED,2,453.92
2313,323,2024-04-14 08:08:07,COMPLETED,11,454.91
2314,300,2025-06-02 01:43:46,COMPLETED,8,232.27
2315,136,2025-09-12 15:24:10,CANCELLED,8,443.65
2316,32,2024-06-22 23:30:50,COMPLETED,16,230.81
2317,55,2025-01-13 17:12:05,PENDING,6,210.28
2318,441,2024-10-05 20:18:55,CANCELLED,7,734.84
2319,60,2024-05-29 07:30:14,CANCELLED,9,875.17
2320,258,2024-12-12 07:07:42,COMPLETED,18,354.38
2321,296,2023-01-16 16:17:07,COMPLETED,6,703.61
2322,447,2023-03-24 19:47:07,CANCELLED,4,535.03
2323,282,2024-01-30 20:22:09,COMPLETED,17,442.01
2324,408,2023-05-22 04:28:31,COMPLETED,19,491.79
2325,352,2024-07-27 14:38:39,REFUNDED,23,754.98
2326,447,2023-10-01 07:25:03,REFUNDED,5,644.94
2327,500,2025-02-13 13:47:37,COMPLETED,23,758.24
2328,496,2025-05-22 19:24:28,COMPLETED,9,210.17
2329,488,2024-07-09 20:23:19,PENDING,21,470.92
2330,178,2023-09-10 00:16:59,CANCELLED,2,224.51
2331,49,2024-11-24 11:15:08,PENDING,24,853.84
2332,88,2024-11-21 20:06:54,COMPLETED,11,126.91
2333,216,2023-08-31 07:21:23,COMPLETED,25,43.58
2334,52,2023-09-08 19:50:58,COMPLETED,7,344.80
2335,129,2025-01-17 22:38:34,PENDING,8,388.46
2336,182,2023-07-01 11:11:18,CANCELLED,21,190.60
2337,99,2024-07-29 04:30:15,REFUNDED,10,543.58
2338,221,2023-10-18 00:31:37,PENDING,11,820.55
2339,467,2025-09-14 23:34:01,CANCELLED,23,888.67
2340,121,2025-05-29 22:42:46,REFUNDED,7,802.29
2341,321,2024-11-06 03:16:47,COMPLETED,21,443.22
2342,479,2024-05-01 01:26:57,COMPLETED,2,616.90
2343,420,2024-11-01 14:51:03,COMPLETED,6,599.22
2344,251,2025-01-28 23:34:55,COMPLETED,16,704.93
2345,58,2025-08-25 03:39:35,COMPLETED,18,610.33
2346,296,2025-02-09 08:17:00,REFUNDED,1,537.28
2347,255,2025-09-05 06:51:39,COMPLETED,15,879.45
2348,115,2023-09-27 20:12:17,REFUNDED,3,745.04
2349,426,2024-04-02 11:51:48,PENDING,5,713.19
2350,61,2023-10-21 18:09:03,REFUNDED,20,808.21
2351,75,2024-11-07 15:11:44,COMPLETED,18,80.45
2352,162,2024-06-08 18:01:43,COMPLETED,11,101.08
2353,299,2023-03-05 10:35:02,COMPLETED,24,67.09
2354,11,2023-03-17 16:19:07,PENDING,9,474.11
2355,344,2025-06-11 05:23:24,COMPLETED,17,520.48
2356,108,2025-08-07 15:35:14,CANCELLED,5,810.48
2357,466,2023-07-20 04:37:23,COMPLETED,5,781.76
2358,172,2024-01-02 23:51:57,COMPLETED,24,275.55
2359,120,2023-12-31 22:30:17,CANCELLED,25,574.58
2360,203,2025-05-28 23:04:05,COMPLETED,19,735.03
2361,185,2025-07-10 04:05:45,CANCELLED,22,752.07
2362,10285,2023-02-14 20:32:06,COMPLETED,4,518.76
2363,291,2025-01-21 03:49:58,REFUNDED,15,663.25
2364,150,2024-05-27 12:28:51,PENDING,25,79.70
2365,149,2025-02-02 22:17:57,COMPLETED,22,292.88
2366,186,2023-05-22 17:26:00,PENDING,13,819.13
2367,334,2023-12-22 01:08:53,CANCELLED,4,877.64
2368,289,2023-07-03 10:37:54,CANCELLED,2,106.31
2369,7,2024-09-08 18:34:53,REFUNDED,19,882.57
2370,458,2025-01-09 18:43:21,REFUNDED,17,285.95
2371,20,2024-04-04 18:06:06,COMPLETED,11,837.33
2372,467,2024-02-05 17:07:32,PENDING,15,730.19
2373,220,2025-07-26 12:19:37,COMPLETED,5,585.17
2374,440,2024-09-03 12:15:40,CANCELLED,15,184.09
2375,426,2023-12-22 01:15:36,COMPLETED,11,447.97
2376,212,2024-02-26 04:59:29,PENDING,13,96.30
2377,416,2024-04-28 05:27:22,REFUNDED,13,740.73
2378,255,2025-07-15 08:23:08,CANCELLED,13,325.27
2379,8,2024-08-16 12:37:17,COMPLETED,18,75.95
2380,81,2024-01-17 05:16:48,COMPLETED,7,255.21
2381,236,2023-11-13 05:51:59,COMPLETED,5,772.67
2382,271,2023-08-28 02:39:12,COMPLETED,12,271.47
2383,160,2024-07-25 18:01:22,COMPLETED,7,659.07
2384,383,2025-02-03 20:06:53,COMPLETED,3,431.28
2385,252,2025-03-05 15:46:41,COMPLETED,14,720.69
2386,268,2025-07-26 06:52:02,CANCELLED,12,418.45
2387,186,2025-06-02 03:17:39,REFUNDED,7,736.72
2388,263,2024-03-24 13:03:35,CANCELLED,14,894.17
2389,417,2024-06-30 17:16:32,COMPLETED,16,607.91
2390,440,2023-10-22 08:18:58,REFUNDED,24,476.66
2391,191,2024-03-31 20:59:17,COMPLETED,17,865.66
2392,335,2024-03-27 05:14:03,REFUNDED,23,319.17
2393,35,2025-09-24 14:56:04,PENDING,21,16.41
2394,294,2025-02-08 10:53:48,COMPLETED,2,763.93
2395,96,2024-12-01 16:23:06,COMPLETED,4,499.43
2396,141,2024-12-26 21:48:12,COMPLETED,1,576.22
2397,65,2024-12-04 02:46:12,COMPLETED,8,513.62
2398,432,2023-09-13 08:21:55,PENDING,7,477.15
2399,248,2023-10-17 07:57:01,PENDING,7,604.09
2400,106,2023-05-26 03:12:54,PENDING,15,207.26
2401,405,2025-01-23 01:59:21,CANCELLED,5,220.84
2402,252,2023-04-11 01:07:46,PENDING,25,777.53
2403,498,2025-07-23 03:22:22,PENDING,25,84.55
2404,489,2023-10-13 18:13:42,CANCELLED,16,216.48
2405,412,2023-07-17 12:00:16,CANCELLED,8,821.23
2406,372,2024-05-01 18:51:14,REFUNDED,9,356.76
2407,77,2024-12-18 20:53:06,CANCELLED,5,278.02
2408,444,2025-09-11 22:58:34,REFUNDED,9,253.56
2409,122,2023-05-20 07:34:45,REFUNDED,14,895.05
2410,246,2024-11-13 21:38:06,CANCELLED,6,655.39
2411,159,2025-06-02 20:30:44,PENDING,10,652.26
2412,14,2025-04-16 01:42:19,PENDING,2,649.44
2413,11,2024-07-17 12:20:59,COMPLETED,22,73.35
2414,18,2023-01-18 10:24:26,COMPLETED,13,830.77
2415,485,2025-02-21 17:11:02,COMPLETED,5,432.97
2416,139,2024-06-21 20:46:49,PENDING,16,180.28
2417,320,2024-04-07 06:58:59,REFUNDED,23,756.72
2418,177,2024-11-22 16:46:42,COMPLETED,23,130.37
2419,61,2024-10-10 02:48:03,PENDING,2,334.79
2420,7,2025-05-24 02:33:47,COMPLETED,8,185.41
2421,304,2025-05-07 19:41:55,COMPLETED,1,809.22
2422,407,2024-02-12 17:25:25,CANCELLED,11,687.15
2423,60,2024-03-30 18:42:17,COMPLETED,20,343.17
2424,188,2025-05-09 18:54:09,COMPLETED,21,814.43
2425,290,2024-06-04 01:05:30,COMPLETED,8,228.37
2426,4,2023-05-12 17:09:11,COMPLETED,5,410.14
2427,201,2023-04-13 01:52:59,COMPLETED,21,505.63
2428,454,2024-08-26 18:15:09,REFUNDED,23,632.14
2429,410,2024-03-14 12:07:00,COMPLETED,1,690.63
2430,189,2025-01-16 11:10:32,COMPLETED,6,146.31
2431,153,2024-04-28 07:48:13,PENDING,11,696.06
2432,414,2023-04-08 20:47:59,PENDING,25,75.93
2433,141,2025-06-20 22:58:04,PENDING,14,294.55
2434,485,2024-08-23 18:32:58,REFUNDED,16,222.84
2435,168,2025-01-23 09:15:55,COMPLETED,19,260.75
2436,398,2023-11-15 10:35:48,COMPLETED,9,503.02
2437,167,2023-11-26 13:48:57,CANCELLED,7,315.25
2438,166,2023-12-19 01:55:33,CANCELLED,23,392.73
2439,250,2025-01-30 20:42:25,COMPLETED,19,299.46
2440,324,2025-03-04 09:03:01,COMPLETED,11,594.08
2441,174,2025-02-14 20:38:23,CANCELLED,6,757.63
2442,455,2024-02-20 14:26:58,COMPLETED,18,592.23
2443,127,2024-10-08 17:04:23,COMPLETED,11,581.55
2444,3810,2023-05-30 07:13:23,CANCELLED,13,797.23
2445,246,2023-01-09 02:52:01,PENDING,15,184.76
2446,394,2023-12-29 10:48:56,PENDING,7,393.05
2447,444,2024-05-12 03:19:04,COMPLETED,21,301.03
2448,79,2023-05-06 13:03:19,REFUNDED,8,7.48
2449,418,2024-03-26 15:19:42,COMPLETED,25,561.53
2450,64,2024-04-12 01:43:34,COMPLETED,17,400.21
2451,66,2024-12-30 01:28:50,PENDING,1,594.59
2452,295,2024-05-04 04:08:51,COMPLETED,1,886.74
2453,357,2024-11-12 23:40:27,REFUNDED,23,276.24
2454,279,2024-12-04 17:19:50,COMPLETED,16,592.99
2455,344,2023-04-16 15:09:24,CANCELLED,19,49.39
2456,113,2025-08-19 23:08:44,PENDING,17,882.74
2457,8992,2025-08-12 20:30:17,REFUNDED,9,578.46
2458,478,2024-01-28 03:16:10,REFUNDED,11,102.66
2459,215,2024-07-20 06:19:10,CANCELLED,16,899.97
2460,360,2025-05-09 16:54:18,COMPLETED,21,318.77
2461,263,2024-01-16 19:20:22,COMPLETED,5,694.44
2462,321,2024-02-17 02:21:53,CANCELLED,24,284.56
2463,139,2024-08-01 20:29:43,CANCELLED,18,892.78
2464,218,2023-01-18 14:29:20,COMPLETED,3,522.91
2465,5785,2023-10-05 19:26:03,PENDING,22,180.93
2466,103,2023-10-14 22:34:40,CANCELLED,19,138.52
2467,413,2025-06-18 13:57:22,REFUNDED,18,55.06
2468,48,2023-12-22 21:50:14,COMPLETED,1,69.86
2469,196,2025-05-30 05:51:40,PENDING,11,324.65
2470,458,2023-08-02 14:01:45,COMPLETED,6,729.20
2471,47,2024-07-17 23:28:41,COMPLETED,6,854.48
2472,351,2023-04-21 13:20:21,CANCELLED,14,144.95
2473,251,2023-04-01 19:43:19,PENDING,18,589.94
2474,187,2024-04-22 01:30:01,COMPLETED,23,631.16
2475,251,2023-01-08 02:47:33,REFUNDED,14,830.97
2476,143,2024-11-04 23:01:04,PENDING,14,749.91
2477,336,2023-12-02 07:39:02,PENDING,19,182.04
2478,207,2023-02-09 06:25:00,CANCELLED,10,60.80
2479,204,2024-07-05 13:37:40,COMPLETED,9,159.37
2480,438,2023-01-07 12:53:23,PENDING,5,188.41
2481,52,2023-10-11 23:12:01,COMPLETED,25,876.98
2482,492,2025-06-27 03:56:16,COMPLETED,1,380.41
2483,498,2024-01-16 08:21:10,COMPLETED,19,310.80
2484,48,2025-03-25 17:03:53,COMPLETED,15,398.88
2485,451,2024-11-13 22:17:12,COMPLETED,5,150.30
2486,466,2024-05-19 01:17:40,COMPLETED,25,289.38
2487,166,2023-02-14 00:59:11,COMPLETED,1,275.01
2488,347,2024-08-14 11:00:29,PENDING,6,422.25
2489,469,2025-06-03 10:09:43,COMPLETED,15,780.10
2490,92,2024-02-28 11:43:37,COMPLETED,6,338.36
2491,400,2024-10-04 17:44:43,CANCELLED,16,643.53
2492,469,2023-07-06 04:03:54,COMPLETED,17,429.77
2493,445,2024-07-17 12:55:42,CANCELLED,14,394.23
2494,238,2025-03-20 13:14:21,COMPLETED,4,870.78
2495,397,2024-03-24 15:08:13,COMPLETED,14,286.34
2496,405,2025-04-27 06:05:54,COMPLETED,19,702.60
2497,256,2024-08-29 17:53:08,CANCELLED,10,842.86
2498,37,2025-01-22 04:07:48,COMPLETED,9,852.32
2499,276,2025-09-17 21:09:30,COMPLETED,19,526.79
2500,423,2024-08-04 02:16:34,COMPLETED,3,492.85
2501,204,2023-07-15 23:15:01,REFUNDED,13,74.29
2502,210,2024-09-05 12:11:28,CANCELLED,3,537.42
2503,291,2025-07-16 11:13:10,REFUNDED,15,721.17
2504,370,2023-04-09 00:01:31,PENDING,15,691.34
2505,250,2023-01-07 08:48:37,COMPLETED,20,18.25
2506,217,2023-06-30 00:06:04,COMPLETED,1,114.33
2507,177,2024-04-22 22:45:05,PENDING,3,65.22
2508,470,2025-04-20 02:45:14,COMPLETED,13,380.90
2509,274,2024-03-10 00:59:36,COMPLETED,15,455.77
2510,321,2025-01-30 17:06:38,PENDING,5,579.51
2511,207,2025-05-14 10:29:03,COMPLETED,13,46.47
2512,184,2023-01-13 02:35:03,COMPLETED,3,662.26
2513,122,2025-07-05 23:54:18,CANCELLED,1,624.24
2514,34,2025-01-06 14:58:32,CANCELLED,6,129.06
2515,4,2023-12-02 06:51:50,COMPLETED,9,758.16
2516,312,2024-04-04 18:52:41,PENDING,24,885.14
2517,185,2024-04-11 10:29:46,PENDING,23,888.89
2518,258,2024-07-08 01:10:46,CANCELLED,25,328.21
2519,247,2025-07-06 19:00:56,REFUNDED,21,665.01
2520,35,2023-03-25 09:23:53,COMPLETED,21,693.63
2521,436,2025-04-26 08:59:14,REFUNDED,22,18.92
2522,176,2024-03-20 06:33:32,COMPLETED,6,319.33
2523,56,2023-06-16 06:44:21,COMPLETED,14,677.42
2524,381,2024-04-11 22:00:49,PENDING,18,873.09
2525,233,2024-07-23 06:45:10,COMPLETED,11,574.34
2526,250,2023-06-01 07:38:13,CANCELLED,3,553.87
2527,456,2025-08-21 20:45:17,COMPLETED,9,52.75
2528,73,2023-06-26 11:40:55,COMPLETED,13,716.45
2529,373,2023-08-17 01:09:36,COMPLETED,23,273.73
2530,490,2025-01-12 14:55:01,COMPLETED,16,248.97
2531,491,2025-04-25 00:36:48,REFUNDED,19,344.72
2532,476,2024-02-29 15:19:53,PENDING,3,673.30
2533,277,2024-06-05 19:29:38,COMPLETED,18,431.78
2534,145,2024-07-29 07:14:47,CANCELLED,2,312.26
2535,243,2024-05-04 23:33:26,COMPLETED,13,369.41
2536,301,2023-09-12 15:08:46,COMPLETED,22,458.46
2537,146,2025-08-17 23:59:24,PENDING,4,163.66
2538,217,2025-06-05 01:06:59,COMPLETED,16,298.53
2539,337,2025-08-05 14:00:58,COMPLETED,19,719.56
2540,370,2025-03-27 20:01:49,COMPLETED,12,210.75
2541,456,2023-10-27 04:17:43,COMPLETED,1,843.87
2542,254,2024-10-26 04:14:38,COMPLETED,13,450.28
2543,214,2025-02-14 11:46:57,CANCELLED,8,384.00
2544,154,2025-08-09 03:21:53,COMPLETED,8,662.00
2545,233,2024-06-21 23:29:32,COMPLETED,9,417.50
2546,107,2024-05-13 20:13:43,CANCELLED,24,161.50
2547,414,2023-07-04 00:36:34,COMPLETED,15,285.91
2548,1,2023-09-07 06:35:22,REFUNDED,16,462.69
2549,50,2025-06-14 02:02:56,COMPLETED,9,307.00
2550,120,2025-03-16 05:50:17,CANCELLED,23,499.85
2551,68,2025-09-27 23:05:59,PENDING,8,865.54
2552,326,2023-05-13 15:43:32,REFUNDED,5,777.54
2553,33,2025-05-17 14:57:37,REFUNDED,10,491.86
2554,172,2024-05-27 09:58:01,REFUNDED,13,51.87
2555,28,2023-06-15 18:10:10,PENDING,13,70.12
2556,342,2024-04-07 21:23:32,COMPLETED,6,430.27
2557,293,2023-01-27 02:36:17,COMPLETED,9,520.68
2558,52,2025-06-22 11:07:21,PENDING,17,76.50
2559,144,2025-05-04 11:34:14,CANCELLED,8,188.81
2560,130,2024-01-01 06:15:36,CANCELLED,18,670.62
2561,319,2025-03-05 02:05:40,COMPLETED,3,512.45
2562,418,2023-01-24 15:04:53,CANCELLED,21,358.18
2563,308,2025-08-11 10:55:16,REFUNDED,13,271.57
2564,496,2025-04-17 20:45:18,PENDING,13,714.12
2565,344,2025-08-22 11:20:32,CANCELLED,18,250.14
2566,472,2024-07-04 06:08:58,CANCELLED,25,805.31
2567,20,2023-07-07 04:02:19,COMPLETED,11,346.58
2568,471,2023-09-30 23:17:24,COMPLETED,6,180.13
2569,330,2023-08-05 03:58:34,PENDING,1,420.96
2570,420,2025-08-12 10:02:42,COMPLETED,14,774.15
2571,20,2024-05-24 04:52:45,COMPLETED,3,16.67
2572,221,2024-03-05 15:54:25,COMPLETED,11,446.90
2573,320,2025-06-17 06:57:47,CANCELLED,22,342.54
2574,78,2024-09-24 12:59:40,COMPLETED,14,438.17
2575,248,2025-03-10 11:55:27,COMPLETED,4,372.68
2576,486,2025-08-27 17:14:55,CANCELLED,5,73.54
2577,497,2024-05-18 19:37:03,COMPLETED,18,161.86
2578,302,2023-04-23 11:09:54,REFUNDED,3,893.96
2579,95,2023-12-15 22:33:37,REFUNDED,15,408.83
2580,90,2025-05-11 11:07:22,CANCELLED,1,624.25
2581,142,2025-01-10 18:52:06,CANCELLED,0,856.04
2582,189,2023-05-31 14:59:33,REFUNDED,21,680.68
2583,107,2024-05-08 07:59:11,CANCELLED,23,14.21
2584,406,2025-07-07 08:05:25,PENDING,16,697.09
2585,139,2025-06-01 19:37:04,PENDING,22,715.97
2586,141,2024-05-26 06:53:31,COMPLETED,22,809.48
2587,122,2024-08-19 20:56:52,COMPLETED,12,502.81
2588,278,2025-01-16 16:10:07,REFUNDED,6,113.79
2589,298,2024-02-13 09:00:08,REFUNDED,5,813.67
2590,70,2023-01-06 09:25:26,CANCELLED,22,44.34
2591,256,2024-05-09 22:57:40,CANCELLED,19,299.81
2592,140,2023-03-01 02:49:25,CANCELLED,6,225.10
2593,128,2024-10-31 05:20:17,COMPLETED,15,451.62
2594,132,2023-12-10 07:43:38,COMPLETED,17,75.19
2595,280,2023-09-13 11:39:49,PENDING,21,55.43
2596,435,2023-10-28 13:21:57,CANCELLED,1,216.36
2597,30,2024-03-25 07:21:21,COMPLETED,18,313.80
2598,189,2023-07-10 13:49:57,COMPLETED,11,56.50
2599,99,2025-06-06 05:55:27,COMPLETED,19,44.32
2600,217,2023-01-15 00:44:28,COMPLETED,22,781.74
2601,382,2023-12-12 21:15:23,COMPLETED,23,124.28
2602,165,2025-06-09 03:59:16,PENDING,17,226.84
2603,232,2023-01-09 12:52:05,COMPLETED,6,237.27
2604,91,2023-02-01 21:34:19,COMPLETED,2,56.86
2605,280,2024-11-22 14:49:58,CANCELLED,7,485.76
2606,104,2023-01-11 20:45:39,COMPLETED,15,763.85
2607,156,2023-07-13 13:58:33,COMPLETED,12,44.90
2608,339,2024-03-04 00:07:46,COMPLETED,23,866.40
2609,190,2025-02-18 14:31:41,REFUNDED,11,873.39
2610,313,2024-11-01 02:59:21,CANCELLED,13,256.29
2611,374,2024-12-06 04:00:53,COMPLETED,20,675.78
2612,279,2024-08-30 05:13:55,COMPLETED,6,329.20
2613,385,2024-02-25 22:25:49,COMPLETED,20,878.27
2614,175,2023-10-05 03:54:27,CANCELLED,21,367.86
2615,488,2024-09-21 09:10:23,PENDING,20,729.09
2616,21,2023-04-14 02:42:53,PENDING,16,863.45
2617,260,2024-04-23 00:11:31,PENDING,6,885.45
2618,358,2024-03-27 09:39:52,COMPLETED,12,433.80
2619,305,2023-05-17 21:54:36,COMPLETED,20,85.09
2620,272,2023-12-26 15:13:40,REFUNDED,13,419.74
2621,211,2024-11-15 12:47:31,REFUNDED,25,293.67
2622,221,2024-04-22 20:08:52,COMPLETED,8,781.94
2623,462,2025-05-22 08:22:13,COMPLETED,23,568.36
2624,363,2024-12-30 22:55:56,COMPLETED,11,648.35
2625,233,2023-09-09 16:45:56,COMPLETED,4,899.92
2626,108,2024-06-02 23:33:19,COMPLETED,6,398.39
2627,201,2023-04-19 03:30:28,PENDING,10,38.94
2628,258,2024-01-06 04:12:53,PENDING,13,658.81
2629,80,2024-04-17 18:55:49,COMPLETED,24,299.19
2630,35,2023-09-27 23:17:46,COMPLETED,23,843.74
2631,177,2024-11-10 08:48:55,PENDING,24,667.95
2632,83,2023-09-26 22:38:23,PENDING,10,193.24
2633,24,2024-03-20 11:05:33,COMPLETED,5,636.80
2634,405,2025-02-09 06:41:12,COMPLETED,15,605.06
2635,166,2024-09-10 18:50:54,COMPLETED,7,197.40
2636,90,2024-11-18 16:58:03,COMPLETED,1,710.08
2637,419,2024-11-16 18:22:03,COMPLETED,1,166.48
2638,364,2023-10-21 20:34:05,COMPLETED,23,329.72
2639,338,2025-02-08 03:31:28,COMPLETED,22,510.97
2640,85,2023-04-18 07:52:14,PENDING,3,279.78
2641,349,2023-02-05 07:45:20,COMPLETED,23,490.85
2642,37,2024-09-07 10:08:04,COMPLETED,2,631.80
2643,321,2025-07-16 23:37:56,COMPLETED,10,712.39
2644,272,2024-07-11 12:26:56,REFUNDED,13,326.99
2645,261,2023-07-21 09:16:12,PENDING,22,680.92
2646,379,2025-03-12 19:22:38,PENDING,12,227.03
2647,346,2024-04-03 19:53:34,COMPLETED,13,591.79
2648,49,2024-12-30 00:39:48,COMPLETED,13,834.82
2649,498,2023-01-23 09:39:18,COMPLETED,7,621.74
2650,452,2023-08-17 08:33:33,COMPLETED,7,867.65
2651,162,2024-03-05 01:40:46,REFUNDED,8,619.80
2652,458,2023-08-22 12:15:46,CANCELLED,5,342.95
2653,42,2023-11-15 13:22:05,REFUNDED,8,77.74
2654,161,2025-03-15 02:11:40,PENDING,7,177.30
2655,57,2024-08-13 17:52:57,CANCELLED,11,184.11
2656,4,2025-01-04 15:37:02,COMPLETED,20,557.19
2657,2,2023-01-18 06:56:26,COMPLETED,24,873.90
2658,483,2024-11-13 11:03:16,COMPLETED,6,45.62
2659,63,2025-08-25 23:37:23,COMPLETED,-1,381.18
2660,14,2023-05-24 09:04:25,CANCELLED,15,788.23
2661,427,2024-07-27 17:27:03,PENDING,16,454.01
2662,320,2025-08-29 08:46:32,COMPLETED,17,786.61
2663,341,2024-11-27 08:34:13,COMPLETED,5,394.87
2664,341,2025-09-26 12:30:57,COMPLETED,5,671.44
2665,66,2024-02-09 10:01:20,CANCELLED,20,227.78
2666,54,2023-11-18 01:37:37,PENDING,8,256.38
2667,44,2023-02-04 03:09:43,CANCELLED,15,178.20
2668,85,2025-07-01 12:49:55,COMPLETED,12,100.69
2669,303,2023-10-03 02:03:48,COMPLETED,10,311.06
2670,143,2024-02-13 00:57:17,PENDING,3,657.89
2671,259,2025-03-13 16:51:56,COMPLETED,17,624.41
2672,182,2024-05-26 22:22:40,COMPLETED,18,793.93
2673,18,2024-01-24 15:27:34,COMPLETED,4,288.26
2674,29,2023-03-07 06:31:15,COMPLETED,16,181.79
2675,425,2023-06-09 09:51:24,CANCELLED,20,97.76
2676,96,2025-04-22 11:21:16,COMPLETED,24,175.39
2677,352,2023-10-29 03:17:21,COMPLETED,4,281.88
2678,276,2023-02-16 19:56:11,COMPLETED,17,876.89
2679,268,2023-04-20 03:13:59,PENDING,21,250.68
2680,212,2023-01-06 14:10:48,CANCELLED,1,63.92
2681,158,2024-09-14 01:39:16,COMPLETED,14,591.66
2682,398,2025-04-10 05:46:17,PENDING,12,59.36
2683,456,2023-12-08 11:33:34,COMPLETED,2,156.60
2684,214,2023-03-30 23:50:50,COMPLETED,6,619.04
2685,146,2023-10-25 09:52:13,COMPLETED,21,307.34
2686,40,2024-04-15 05:06:56,COMPLETED,0,342.90
2687,310,2025-06-06 15:45:11,COMPLETED,7,802.03
2688,296,2024-01-24 13:41:55,COMPLETED,12,13.21
2689,382,2024-03-28 13:15:19,REFUNDED,12,811.59
2690,197,2025-01-27 04:45:10,COMPLETED,12,749.39
2691,41,2023-01-05 04:32:03,COMPLETED,18,591.55
2692,30,2025-07-08 22:23:11,REFUNDED,21,231.30
2693,374,2023-04-09 23:51:22,COMPLETED,24,765.27
2694,125,2024-04-01 00:35:38,REFUNDED,12,126.88
2695,59,2023-11-07 14:38:24,REFUNDED,12,281.92
2696,466,2025-09-22 06:31:38,COMPLETED,4,877.19
2697,129,2023-09-25 00:21:00,REFUNDED,10,142.29
2698,74,2024-08-29 07:36:52,COMPLETED,1,213.57
2699,386,2025-03-09 04:16:56,COMPLETED,19,305.54
2700,108,2023-11-16 10:21:37,CANCELLED,2,644.42
2701,415,2023-06-18 19:22:31,COMPLETED,24,354.74
2702,211,2024-07-05 22:32:56,REFUNDED,4,700.84
2703,439,2024-05-10 09:02:09,REFUNDED,6,675.25
2704,246,2025-03-16 09:35:10,PENDING,16,581.44
2705,104,2025-04-16 07:32:02,COMPLETED,16,730.99
2706,330,2024-06-01 03:41:58,REFUNDED,6,275.80
2707,84,2024-04-17 07:50:01,CANCELLED,17,235.35
2708,495,2023-07-30 06:02:28,CANCELLED,18,187.28
2709,250,2025-09-20 13:50:05,COMPLETED,23,270.94
2710,151,2023-01-15 07:35:54,COMPLETED,15,883.99
2711,78,2023-07-20 01:24:47,COMPLETED,10,662.82
2712,174,2023-10-18 01:41:25,REFUNDED,25,887.76
2713,227,2025-05-02 07:14:18,COMPLETED,17,876.33
2714,269,2024-04-05 10:25:22,PENDING,21,781.80
2715,359,2024-06-06 15:18:33,REFUNDED,25,478.73
2716,102,2024-07-15 12:47:05,COMPLETED,23,702.17
2717,129,2025-06-19 16:38:51,REFUNDED,1,29.14
2718,432,2023-06-15 10:02:52,COMPLETED,20,16.35
2719,316,2025-03-27 08:44:15,CANCELLED,21,735.52
2720,256,2023-09-27 04:01:18,COMPLETED,8,803.91
2721,193,2025-05-09 03:07:52,COMPLETED,5,553.19
2722,165,2025-02-23 04:21:12,PENDING,8,239.29
2723,152,2023-12-28 03:32:06,REFUNDED,12,606.78
2724,114,2023-10-16 01:05:57,COMPLETED,2,388.66
2725,439,2023-03-09 05:59:09,PENDING,24,767.62
2726,382,2023-11-25 17:41:18,REFUNDED,16,314.48
2727,460,2023-01-20 07:22:20,COMPLETED,3,10.95
2728,179,2023-01-03 08:50:09,COMPLETED,1,186.64
2729,176,2025-09-16 18:54:45,REFUNDED,16,80.05
2730,164,2024-08-04 04:49:18,CANCELLED,8,227.29
2731,194,2024-05-23 06:51:40,COMPLETED,3,548.38
2732,292,2025-03-30 17:51:24,COMPLETED,9,436.35
2733,467,2025-03-16 02:55:02,COMPLETED,2,591.72
2734,29,2024-12-05 12:16:20,COMPLETED,21,8.96
2735,151,2024-11-29 10:53:34,COMPLETED,3,536.28
2736,467,2023-07-15 23:55:58,REFUNDED,1,181.59
2737,408,2025-06-09 03:55:05,COMPLETED,16,836.36
2738,386,2025-02-19 04:31:23,COMPLETED,9,841.71
2739,367,2023-10-20 23:26:31,COMPLETED,18,424.38
2740,338,2024-09-13 03:59:17,COMPLETED,9,196.02
2741,229,2023-07-29 00:38:32,COMPLETED,6,453.82
2742,313,2024-04-04 05:48:14,COMPLETED,7,471.17
2743,163,2023-06-12 21:15:09,COMPLETED,16,218.40
2744,48,2025-07-19 09:37:25,CANCELLED,13,564.37
2745,415,2024-07-03 09:04:16,PENDING,25,274.21
2746,69,2023-11-29 05:38:57,COMPLETED,20,133.06
2747,305,2025-09-19 03:25:39,COMPLETED,14,888.90
2748,232,2025-01-18 15:18:24,COMPLETED,14,829.32
2749,196,2024-10-20 15:04:38,COMPLETED,2,874.65
2750,231,2023-08-12 13:30:26,CANCELLED,4,261.00
2751,272,2025-08-18 08:57:46,CANCELLED,25,682.12
2752,430,2024-02-13 15:48:56,CANCELLED,17,846.73
2753,13,2024-04-22 09:34:00,REFUNDED,8,412.15
2754,88,2025-05-05 22:05:07,COMPLETED,5,237.03
2755,53,2024-09-02 15:03:48,COMPLETED,18,119.88
2756,476,2024-06-27 09:30:26,COMPLETED,12,430.00
2757,467,2025-08-21 00:46:16,COMPLETED,11,817.73
2758,51,2024-01-15 10:02:23,COMPLETED,20,590.37
2759,136,2025-06-22 11:40:50,REFUNDED,4,678.72
2760,366,2023-09-18 22:25:38,PENDING,12,78.25
2761,160,2024-07-22 07:52:23,COMPLETED,13,679.92
2762,442,2023-05-12 07:56:55,COMPLETED,12,590.70
2763,143,2023-04-01 02:40:01,REFUNDED,3,17.22
2764,320,2023-06-14 05:19:38,REFUNDED,11,505.08
2765,308,2024-09-13 05:06:29,COMPLETED,23,23.00
2766,259,2025-04-23 16:38:07,CANCELLED,17,707.64
2767,232,2024-04-28 04:17:39,REFUNDED,14,828.85
2768,207,2023-02-18 14:02:26,REFUNDED,16,494.79
2769,103,2023-01-25 13:09:46,PENDING,14,642.32
2770,357,2023-12-26 09:38:06,COMPLETED,6,269.14
2771,128,2023-11-19 17:06:24,CANCELLED,19,279.53
2772,250,2023-06-24 14:07:49,COMPLETED,6,447.00
2773,366,2023-06-11 09:32:27,COMPLETED,21,683.93
2774,396,2024-10-29 05:37:05,PENDING,11,195.66
2775,91,2025-03-30 08:57:20,REFUNDED,23,280.54
2776,8,2024-02-17 09:41:15,REFUNDED,11,767.31
2777,303,2025-01-14 11:00:26,COMPLETED,15,432.03
2778,50,2024-09-02 08:35:41,CANCELLED,2,420.83
2779,210,2025-03-24 16:09:26,REFUNDED,4,515.32
2780,169,2024-04-14 09:07:29,CANCELLED,24,140.95
2781,156,2024-10-26 01:39:32,COMPLETED,11,390.95
2782,112,2023-10-04 06:00:42,CANCELLED,14,551.35
2783,109,2024-04-21 17:07:02,CANCELLED,8,651.00
2784,128,2023-11-03 18:59:12,COMPLETED,11,617.15
2785,144,2024-06-01 02:35:18,REFUNDED,11,504.22
2786,170,2024-02-03 10:27:02,REFUNDED,7,702.83
2787,15,2025-04-16 16:51:56,PENDING,12,8.56
2788,127,2024-02-29 07:19:17,CANCELLED,4,363.60
2789,493,2023-07-07 13:25:24,COMPLETED,7,869.82
2790,61,2025-06-29 13:33:43,CANCELLED,8,717.66
2791,302,2024-05-19 18:14:29,PENDING,15,496.96
2792,159,2024-07-24 07:44:34,COMPLETED,22,704.23
2793,336,2023-08-06 20:36:43,COMPLETED,20,537.36
2794,482,2025-02-07 17:12:20,COMPLETED,25,768.26
2795,477,2023-07-25 05:47:34,PENDING,23,88.10
2796,364,2023-08-07 12:55:52,PENDING,1,359.26
2797,157,2023-12-11 18:50:04,CANCELLED,4,380.83
2798,346,2023-03-24 17:00:33,COMPLETED,10,32.05
2799,471,2025-02-26 23:32:08,REFUNDED,23,723.48
2800,419,2025-02-03 21:12:30,COMPLETED,18,666.17
2801,255,2023-04-26 22:13:34,COMPLETED,16,754.17
2802,447,2025-04-16 02:51:06,COMPLETED,20,726.47
2803,167,2025-09-14 04:44:15,COMPLETED,3,447.54
2804,212,2025-07-11 02:25:34,PENDING,7,335.73
2805,384,2024-05-14 07:08:15,CANCELLED,21,577.77
2806,312,2023-11-11 13:14:22,COMPLETED,4,810.61
2807,241,2024-05-15 08:24:20,PENDING,12,723.36
2808,402,2023-10-28 03:59:14,COMPLETED,15,655.40
2809,420,2024-05-06 13:12:18,REFUNDED,11,170.62
2810,269,2025-03-12 19:24:52,PENDING,23,781.57
2811,315,2025-07-14 04:05:09,PENDING,21,568.07
2812,159,2024-07-24 18:04:11,COMPLETED,4,642.93
2813,443,2024-03-02 12:03:47,COMPLETED,19,577.65
2814,76,2024-05-20 11:07:20,COMPLETED,21,80.21
2815,155,2023-06-22 04:44:25,COMPLETED,7,167.32
2816,428,2025-09-02 10:50:23,COMPLETED,17,364.18
2817,202,2024-12-08 21:38:05,REFUNDED,15,671.06
2818,295,2025-04-24 22:23:23,PENDING,14,254.47
2819,467,2024-12-07 08:34:39,COMPLETED,16,298.71
2820,293,2023-11-20 00:42:23,REFUNDED,10,675.84
2821,22,2024-09-11 11:14:38,COMPLETED,22,350.03
2822,312,2024-06-12 07:16:48,REFUNDED,12,642.82
2823,216,2025-05-24 02:47:17,CANCELLED,9,331.86
2824,416,2023-01-06 10:08:42,COMPLETED,17,302.43
2825,426,2024-11-16 19:29:58,CANCELLED,21,547.04
2826,499,2025-07-13 04:05:35,COMPLETED,10,209.83
2827,371,2025-06-13 04:31:11,COMPLETED,8,644.41
2828,252,2025-07-27 15:34:04,COMPLETED,12,683.45
2829,270,2025-01-30 16:20:09,REFUNDED,8,882.77
2830,107,2023-02-17 06:05:35,REFUNDED,12,593.87
2831,158,2024-07-25 17:31:36,COMPLETED,24,42.83
2832,487,2023-05-18 11:21:10,REFUNDED,8,601.48
2833,433,2025-01-02 21:32:22,CANCELLED,13,250.14
2834,426,2025-06-12 11:11:46,COMPLETED,12,490.21
2835,421,2024-09-12 03:40:41,CANCELLED,10,115.97
2836,24,2023-08-24 06:59:53,CANCELLED,6,826.86
2837,334,2023-06-20 08:28:08,CANCELLED,3,832.82
2838,268,2023-01-11 11:55:07,CANCELLED,24,91.35
2839,361,2023-05-17 02:16:20,COMPLETED,23,401.92
2840,404,2023-06-10 11:04:50,COMPLETED,25,717.10
2841,298,2025-04-07 03:12:44,COMPLETED,11,732.27
2842,212,2025-08-16 05:56:24,COMPLETED,3,374.25
2843,271,2024-07-29 05:49:21,PENDING,5,452.76
2844,316,2023-03-23 03:49:17,COMPLETED,18,224.47
2845,458,2023-06-01 02:39:27,COMPLETED,21,523.96
2846,9,2024-11-19 11:55:28,COMPLETED,13,253.13
2847,105,2023-11-29 23:19:46,PENDING,11,497.22
2848,364,2024-11-02 04:27:48,COMPLETED,7,792.80
2849,237,2023-06-21 00:30:10,COMPLETED,17,625.28
2850,218,2025-07-29 21:11:18,COMPLETED,12,401.14
2851,276,2025-04-27 17:35:00,CANCELLED,21,160.97
2852,173,2023-04-04 22:32:03,CANCELLED,15,436.60
2853,341,2023-12-21 02:38:21,COMPLETED,21,651.11
2854,215,2025-05-23 07:27:44,CANCELLED,1,720.51
2855,387,2025-02-13 07:04:52,REFUNDED,12,27.57
2856,395,2024-06-07 02:53:32,REFUNDED,14,26.45
2857,150,2023-06-17 03:43:00,COMPLETED,6,758.33
2858,73,2023-03-30 07:25:39,COMPLETED,20,281.89
2859,271,2025-04-22 23:30:03,REFUNDED,6,137.89
2860,117,2023-01-19 08:22:43,COMPLETED,19,810.49
2861,28,2024-06-25 00:37:43,COMPLETED,1,739.91
2862,497,2024-01-08 09:12:38,PENDING,19,230.57
2863,195,2023-01-17 12:30:33,COMPLETED,15,843.87
2864,89,2023-02-20 00:03:21,PENDING,23,496.22
2865,256,2023-05-14 02:13:31,COMPLETED,15,23.91
2866,259,2024-01-16 01:02:00,COMPLETED,5,887.94
2867,469,2025-01-14 07:33:17,CANCELLED,1,40.20
2868,348,2024-02-24 05:12:07,COMPLETED,5,557.73
2869,132,2024-03-19 07:10:15,CANCELLED,3,762.47
2870,148,2024-09-24 18:40:00,PENDING,14,565.67
2871,251,2023-09-21 01:56:29,PENDING,14,426.79
2872,302,2025-09-10 04:14:18,REFUNDED,17,894.79
2873,380,2024-09-11 02:31:54,COMPLETED,21,629.18
2874,247,2024-01-02 23:35:09,COMPLETED,8,805.34
2875,301,2025-06-22 06:18:07,REFUNDED,22,620.39
2876,371,2023-10-20 05:55:43,CANCELLED,1,10.44
2877,43,2023-03-30 07:31:18,COMPLETED,1,632.94
2878,27,2024-11-14 15:26:35,COMPLETED,23,456.48
2879,7,2023-01-29 23:36:14,PENDING,18,354.13
2880,104,2023-10-25 08:54:17,COMPLETED,25,353.22
2881,488,2025-01-28 00:34:29,COMPLETED,9,895.75
2882,268,2025-05-07 04:50:24,COMPLETED,2,728.65
2883,368,2023-03-24 19:04:57,COMPLETED,24,413.48
2884,486,2025-08-28 10:21:28,REFUNDED,10,849.21
2885,110,2024-01-10 18:15:09,PENDING,13,719.60
2886,394,2024-08-08 22:55:54,COMPLETED,3,654.07
2887,349,2025-03-16 21:31:01,COMPLETED,20,44.79
2888,434,2024-02-06 03:31:14,COMPLETED,7,325.35
2889,43,2025-03-19 11:54:11,REFUNDED,25,149.46
2890,365,2024-09-01 06:20:47,COMPLETED,10,109.57
2891,460,2024-05-02 08:44:29,COMPLETED,17,382.60
2892,179,2023-12-20 04:24:28,REFUNDED,18,76.49
2893,42,2025-09-22 07:04:59,COMPLETED,3,658.77
2894,416,2023-11-16 11:54:23,COMPLETED,14,269.76
2895,264,2024-11-11 22:18:00,PENDING,1,487.16
2896,390,2025-06-23 10:05:17,PENDING,19,415.98
2897,62,2024-03-12 14:31:09,COMPLETED,1,279.84
2898,374,2025-05-14 10:58:53,COMPLETED,9,216.28
2899,498,2023-01-30 12:17:26,COMPLETED,19,403.00
2900,310,2023-02-10 14:10:13,COMPLETED,24,739.76
2901,477,2025-03-21 05:16:05,CANCELLED,24,38.51
2902,335,2024-12-21 11:57:05,CANCELLED,10,170.58
2903,35,2025-02-21 08:03:46,COMPLETED,13,439.08
2904,50,2025-04-06 09:35:23,COMPLETED,24,459.47
2905,342,2025-01-13 05:42:46,COMPLETED,2,781.63
2906,125,2024-03-16 07:38:00,COMPLETED,3,752.94
2907,167,2025-04-13 00:23:04,CANCELLED,16,30.48
2908,405,2024-01-12 14:24:29,COMPLETED,15,414.15
2909,199,2024-04-22 03:47:31,CANCELLED,15,396.23
2910,467,2023-11-19 01:38:06,PENDING,21,262.31
2911,359,2024-09-20 21:40:34,CANCELLED,13,656.73
2912,155,2025-06-04 21:45:17,COMPLETED,23,210.60
2913,36,2024-09-07 21:44:35,COMPLETED,5,258.91
2914,305,2023-08-24 10:45:19,REFUNDED,16,892.03
2915,212,2024-09-21 07:56:46,PENDING,2,786.68
2916,432,2023-02-27 07:59:00,PENDING,19,250.73
2917,32,2024-11-25 10:00:25,COMPLETED,18,546.29
2918,298,2024-10-12 00:44:33,COMPLETED,25,230.32
2919,337,2023-08-10 01:21:46,REFUNDED,7,191.30
2920,120,2023-09-12 04:04:16,COMPLETED,20,488.31
2921,291,2024-01-22 13:43:03,COMPLETED,17,463.30
2922,116,2023-03-02 21:22:44,PENDING,18,750.63
2923,293,2023-08-17 11:18:51,PENDING,14,449.30
2924,472,2025-06-15 12:15:56,COMPLETED,24,716.42
2925,152,2024-04-07 09:28:21,COMPLETED,14,170.33
2926,499,2025-07-16 02:35:49,PENDING,21,221.86
2927,48,2025-08-25 17:59:31,PENDING,20,766.93
2928,137,2025-06-06 07:22:28,COMPLETED,24,292.06
2929,93,2024-12-05 07:50:40,COMPLETED,4,134.51
2930,427,2024-12-11 03:03:51,REFUNDED,16,120.23
2931,32,2023-07-01 17:57:32,COMPLETED,21,572.60
2932,172,2025-03-09 04:13:54,PENDING,1,447.99
2933,57,2024-04-09 19:14:57,REFUNDED,13,140.44
2934,66,2024-06-09 13:35:14,COMPLETED,16,573.18
2935,111,2023-01-31 06:26:52,CANCELLED,24,478.58
2936,375,2023-10-07 12:34:48,PENDING,7,860.44
2937,367,2023-10-21 19:43:20,REFUNDED,8,865.26
2938,194,2023-09-02 06:23:19,CANCELLED,16,492.17
2939,117,2023-02-10 21:05:57,PENDING,21,69.97
2940,239,2025-04-18 01:44:54,COMPLETED,21,220.14
2941,282,2025-03-26 22:42:04,REFUNDED,24,882.90
2942,314,2024-09-07 02:49:09,CANCELLED,19,620.78
2943,372,2025-09-06 06:01:36,COMPLETED,19,41.35
2944,6,2025-09-21 17:33:27,COMPLETED,21,616.99
2945,428,2023-06-28 08:22:01,PENDING,6,739.26
2946,465,2024-09-18 04:04:14,COMPLETED,12,427.84
2947,232,2025-08-24 09:05:47,REFUNDED,14,252.92
2948,345,2025-05-23 10:33:07,REFUNDED,12,777.27
2949,256,2024-08-26 13:07:04,REFUNDED,10,131.89
2950,419,2025-05-05 11:54:28,PENDING,24,122.99
2951,123,2024-05-17 23:35:48,REFUNDED,13,102.01
2952,243,2025-09-19 19:01:20,COMPLETED,25,276.44
2953,55,2025-09-06 09:00:36,COMPLETED,18,35.75
2954,457,2024-12-15 10:24:44,REFUNDED,11,702.49
2955,75,2025-04-01 17:39:05,COMPLETED,11,670.89
2956,260,2025-05-14 13:17:18,COMPLETED,9,453.64
2957,461,2023-09-18 18:54:54,PENDING,7,260.63
2958,443,2024-02-10 05:54:18,REFUNDED,4,785.90
2959,216,2023-08-16 11:30:35,REFUNDED,22,203.64
2960,263,2024-07-05 04:59:20,CANCELLED,4,505.47
2961,225,2024-03-23 05:06:44,PENDING,18,783.34
2962,126,2025-05-24 00:22:11,REFUNDED,18,72.82
2963,128,2024-06-15 14:22:44,CANCELLED,25,544.70
2964,382,2024-03-29 21:48:29,COMPLETED,22,360.89
2965,140,2024-06-07 05:22:26,REFUNDED,6,196.47
2966,475,2025-03-19 19:14:40,COMPLETED,24,537.28
2967,98,2024-06-22 00:53:16,COMPLETED,9,24.58
2968,494,2023-03-16 05:07:57,PENDING,3,76.65
2969,472,2024-06-08 12:31:44,COMPLETED,15,246.81
2970,82,2024-11-11 03:40:47,COMPLETED,25,843.47
2971,218,2025-05-18 18:51:34,COMPLETED,13,696.49
2972,409,2023-02-05 19:53:00,COMPLETED,16,804.84
2973,464,2023-02-22 02:06:46,COMPLETED,2,266.47
2974,155,2023-03-01 12:47:11,CANCELLED,18,435.88
2975,208,2025-05-30 12:41:46,REFUNDED,7,845.57
2976,463,2023-04-01 10:53:31,COMPLETED,25,42.58
2977,6965,2025-06-25 14:00:29,COMPLETED,20,293.20
2978,79,2023-10-28 09:29:21,PENDING,15,562.57
2979,413,2024-03-17 07:28:00,REFUNDED,16,786.61
2980,203,2025-03-16 22:51:31,COMPLETED,9,828.24
2981,176,2024-02-10 15:28:09,CANCELLED,6,749.13
2982,334,2024-04-06 01:18:24,COMPLETED,16,348.88
2983,413,2023-07-13 18:58:52,COMPLETED,5,899.76
2984,442,2025-01-21 23:05:36,REFUNDED,22,683.54
2985,29,2023-10-17 16:26:47,CANCELLED,13,236.17
2986,46,2023-04-03 22:03:25,CANCELLED,23,691.59
2987,174,2025-02-15 11:02:09,PENDING,12,326.69
2988,397,2024-02-12 13:20:39,REFUNDED,0,271.18
2989,399,2024-07-09 16:04:41,PENDING,8,122.10
2990,76,2023-03-25 03:08:05,REFUNDED,24,530.50
2991,392,2025-06-09 15:49:24,COMPLETED,25,732.51
2992,247,2024-05-24 13:53:28,REFUNDED,22,343.38
2993,236,2024-02-12 20:22:57,COMPLETED,14,587.02
2994,283,2025-03-28 12:56:46,COMPLETED,4,147.32
2995,453,2023-10-24 08:15:21,COMPLETED,16,842.77
2996,27,2024-09-15 15:28:10,COMPLETED,4,264.94
2997,350,2023-06-11 14:21:34,COMPLETED,4,163.36
2998,114,2024-01-03 11:11:39,PENDING,18,473.65
2999,17,2023-11-25 22:11:34,PENDING,11,205.04
3000,106,2024-08-04 20:31:20,COMPLETED,10,425.48
3001,471,2025-09-03 10:58:12,REFUNDED,11,596.23
3002,304,2025-05-29 07:47:38,COMPLETED,23,483.03
3003,339,2023-06-18 10:10:51,COMPLETED,4,524.82
3004,103,2023-07-08 01:37:35,CANCELLED,18,287.63
3005,35,2025-01-29 20:25:39,REFUNDED,15,361.93
3006,47,2024-03-05 00:17:09,REFUNDED,8,815.24
3007,166,2025-04-24 06:38:27,COMPLETED,7,617.52
3008,2,2025-01-28 17:21:52,REFUNDED,17,383.59
3009,7,2023-02-02 22:13:07,CANCELLED,24,564.16
3010,307,2024-10-24 20:41:06,PENDING,13,519.49
3011,137,2024-01-25 09:07:33,COMPLETED,3,20.30
3012,249,2025-05-07 03:39:42,COMPLETED,25,615.01
3013,416,2025-07-07 16:48:13,COMPLETED,2,642.78
3014,411,2024-08-03 04:47:40,CANCELLED,7,516.26
3015,126,2025-01-14 13:31:56,COMPLETED,23,462.92
3016,159,2025-02-01 17:39:11,COMPLETED,24,342.67
3017,226,2023-07-02 07:47:07,REFUNDED,12,255.41
3018,278,2025-05-17 12:06:16,COMPLETED,24,491.12
3019,281,2024-08-09 14:19:18,REFUNDED,2,711.96
3020,235,2024-04-30 12:51:47,COMPLETED,20,482.86
3021,113,2024-08-28 18:20:24,COMPLETED,14,173.70
3022,338,2025-04-08 15:42:53,COMPLETED,8,482.49
3023,124,2023-04-18 01:25:59,COMPLETED,11,545.56
3024,329,2024-07-15 21:46:48,COMPLETED,17,733.78
3025,476,2023-07-13 18:03:20,COMPLETED,23,122.56
3026,472,2025-05-29 04:50:28,COMPLETED,2,175.74
3027,344,2025-06-05 04:20:48,COMPLETED,22,221.39
3028,263,2023-03-05 20:11:48,REFUNDED,11,644.96
3029,66,2023-11-21 09:03:05,PENDING,11,676.92
3030,383,2024-07-17 16:24:05,COMPLETED,14,451.43
3031,87,2024-06-28 00:11:53,COMPLETED,15,56.68
3032,373,2023-05-11 16:43:38,COMPLETED,24,198.61
3033,184,2025-05-02 11:51:33,COMPLETED,23,571.97
3034,246,2024-10-04 12:58:34,COMPLETED,24,446.05
3035,302,2023-11-20 08:54:48,COMPLETED,22,600.30
3036,459,2024-06-17 02:23:52,COMPLETED,13,863.97
3037,480,2023-12-08 23:28:54,PENDING,8,183.21
3038,264,2024-08-15 12:55:09,COMPLETED,10,575.64
3039,179,2025-02-04 04:01:32,REFUNDED,20,550.65
3040,297,2025-03-28 00:43:42,COMPLETED,11,33.43
3041,170,2025-07-27 14:22:44,PENDING,9,834.06
3042,327,2023-11-20 16:18:10,CANCELLED,25,48.22
3043,264,2025-02-16 12:31:59,COMPLETED,1,112.25
3044,443,2023-06-29 21:00:54,COMPLETED,16,455.05
3045,389,2024-06-27 08:37:09,COMPLETED,13,494.40
3046,409,2024-03-13 21:56:49,COMPLETED,13,622.80
3047,439,2023-04-07 11:47:53,CANCELLED,14,616.19
3048,338,2023-08-11 09:11:06,COMPLETED,13,858.54
3049,1,2024-08-11 09:12:33,REFUNDED,5,46.03
3050,131,2025-09-03 08:32:14,COMPLETED,19,694.83
3051,156,2024-03-12 06:31:23,REFUNDED,6,355.75
3052,34,2024-02-26 02:09:45,COMPLETED,4,777.05
3053,461,2023-07-01 00:29:47,COMPLETED,9,794.05
3054,472,2025-06-11 08:21:32,PENDING,8,289.01
3055,62,2024-09-26 16:52:25,REFUNDED,4,199.71
3056,114,2024-09-13 14:11:29,PENDING,20,367.44
3057,167,2023-04-04 01:30:08,COMPLETED,19,688.71
3058,153,2025-03-16 23:48:52,COMPLETED,3,893.89
3059,17,2023-03-19 07:04:38,COMPLETED,4,297.71
3060,383,2023-08-25 12:23:44,COMPLETED,3,547.98
3061,361,2023-08-06 13:09:32,CANCELLED,8,784.95
3062,171,2025-07-06 09:10:43,COMPLETED,6,26.93
3063,252,2024-09-06 14:37:10,CANCELLED,25,294.54
3064,53,2024-04-08 16:05:34,COMPLETED,3,309.01
3065,24,2023-08-30 20:54:03,PENDING,5,654.50
3066,172,2024-06-26 08:31:11,COMPLETED,1,464.61
3067,21,2023-10-22 22:05:40,REFUNDED,17,892.13
3068,411,2024-09-30 01:57:57,PENDING,8,239.48
3069,400,2025-07-13 16:17:05,CANCELLED,24,260.65
3070,54,2025-04-29 22:38:36,COMPLETED,2,814.21
3071,114,2024-06-05 22:08:35,COMPLETED,24,36.12
3072,447,2024-08-16 17:46:51,COMPLETED,8,626.31
3073,7,2025-04-07 22:42:37,COMPLETED,13,458.18
3074,21,2025-06-29 09:21:12,COMPLETED,23,358.69
3075,476,2024-09-14 15:15:54,COMPLETED,15,582.46
3076,123,2023-11-16 15:56:43,COMPLETED,4,33.07
3077,5397,2023-04-02 21:10:50,REFUNDED,14,306.77
3078,205,2024-04-04 08:05:42,COMPLETED,1,827.22
3079,321,2024-09-11 23:26:42,PENDING,16,401.00
3080,491,2023-04-18 12:39:11,CANCELLED,20,80.62
3081,25,2023-09-23 02:22:45,COMPLETED,9,757.30
3082,398,2025-08-02 01:51:16,REFUNDED,11,635.95
3083,138,2023-06-17 22:23:29,COMPLETED,22,632.12
3084,112,2023-09-28 05:17:15,REFUNDED,5,800.51
3085,46,2024-05-31 17:52:51,COMPLETED,21,883.53
3086,283,2023-09-22 00:50:15,COMPLETED,4,578.83
3087,1,2025-06-08 16:23:08,PENDING,21,280.80
3088,30,2023-03-17 16:31:30,PENDING,11,161.87
3089,55,2024-08-17 09:08:06,COMPLETED,4,80.68
3090,228,2025-08-16 21:07:00,COMPLETED,4,602.88
3091,382,2024-12-12 07:02:43,PENDING,12,421.41
3092,143,2023-04-09 21:17:20,CANCELLED,7,675.16
3093,487,2023-05-23 08:42:32,COMPLETED,6,696.77
3094,456,2025-03-31 21:21:24,COMPLETED,1,312.70
3095,442,2023-03-07 16:29:16,COMPLETED,11,28.89
3096,399,2024-11-14 03:04:34,CANCELLED,5,11.95
3097,2,2023-08-15 18:26:11,REFUNDED,16,30.00
3098,119,2025-09-03 19:18:41,CANCELLED,23,94.61
3099,267,2023-03-22 05:36:28,PENDING,22,636.95
3100,146,2024-02-14 22:04:00,COMPLETED,9,680.40
3101,351,2023-09-22 16:49:10,CANCELLED,21,316.68
3102,102,2025-06-02 22:42:45,CANCELLED,10,663.03
3103,401,2023-10-09 17:16:34,COMPLETED,23,439.02
3104,323,2023-06-01 14:19:38,CANCELLED,19,548.71
3105,114,2023-04-30 20:43:47,COMPLETED,23,535.04
3106,21,2024-07-08 20:58:05,COMPLETED,16,705.68
3107,157,2024-03-03 20:56:24,PENDING,10,833.67
3108,291,2023-11-29 08:48:33,REFUNDED,3,557.65
3109,93,2023-09-19 19:24:02,REFUNDED,6,420.85
3110,176,2023-08-20 18:02:12,COMPLETED,7,35.57
3111,410,2024-10-11 12:04:41,REFUNDED,17,75.64
3112,410,2025-04-27 18:05:15,COMPLETED,13,192.40
3113,147,2025-05-08 14:08:45,COMPLETED,20,32.62
3114,364,2024-11-08 12:50:33,REFUNDED,8,289.66
3115,23,2023-11-20 13:20:13,COMPLETED,12,163.41
3116,228,2025-06-09 17:55:43,COMPLETED,2,575.28
3117,11,2023-12-12 20:05:31,PENDING,8,514.80
3118,210,2024-01-27 19:01:47,COMPLETED,12,698.11
3119,303,2025-07-02 05:21:39,COMPLETED,13,468.85
3120,459,2023-03-19 21:46:44,COMPLETED,17,866.75
3121,402,2025-05-28 19:30:42,COMPLETED,21,336.25
3122,443,2023-12-06 23:20:44,COMPLETED,24,79.67
3123,206,2025-04-23 13:08:34,COMPLETED,12,333.86
3124,297,2023-05-21 22:27:49,COMPLETED,2,393.75
3125,320,2024-08-14 17:46:27,COMPLETED,7,427.18
3126,169,2024-05-31 20:12:36,COMPLETED,22,442.29
3127,316,2024-06-19 22:25:20,COMPLETED,11,608.52
3128,415,2023-04-21 17:28:24,COMPLETED,22,765.86
3129,242,2025-02-24 05:12:39,COMPLETED,24,210.12
3130,193,2025-07-01 08:41:31,REFUNDED,1,45.25
3131,313,2024-09-26 08:37:26,COMPLETED,19,585.75
3132,313,2025-06-04 09:28:33,PENDING,18,497.33
3133,234,2023-07-28 18:13:27,COMPLETED,14,653.47
3134,445,2024-01-04 21:07:24,COMPLETED,15,625.92
3135,480,2024-12-10 12:55:38,CANCELLED,8,489.08
3136,448,2025-08-13 06:53:13,CANCELLED,15,389.78
3137,340,2023-03-20 01:43:42,PENDING,12,481.19
3138,348,2025-07-29 22:43:08,REFUNDED,18,365.48
3139,4095,2025-06-14 13:10:15,COMPLETED,3,443.05
3140,364,2024-05-10 20:57:25,COMPLETED,10,567.64
3141,398,2024-09-28 21:11:35,PENDING,18,109.10
3142,371,2025-04-10 01:27:16,PENDING,14,495.76
3143,138,2024-12-26 07:08:38,CANCELLED,8,600.44
3144,25,2023-01-13 00:39:19,CANCELLED,12,711.38
3145,398,2023-12-17 12:55:46,REFUNDED,7,62.06
3146,57,2024-09-30 09:57:36,COMPLETED,9,310.47
3147,126,2024-10-05 18:16:55,COMPLETED,7,701.39
3148,406,2025-05-17 07:46:13,COMPLETED,23,309.69
3149,73,2024-12-01 08:27:11,CANCELLED,15,875.73
3150,405,2023-08-30 23:45:56,CANCELLED,16,74.39
3151,299,2024-08-29 15:38:50,CANCELLED,18,177.01
3152,301,2024-05-17 13:11:11,REFUNDED,10,712.49
3153,273,2025-09-13 05:51:22,PENDING,12,596.50
3154,264,2025-01-17 17:22:04,COMPLETED,5,171.86
3155,249,2025-01-28 19:23:32,COMPLETED,18,578.92
3156,421,2024-03-06 02:21:28,CANCELLED,3,635.08
3157,167,2024-06-11 07:21:32,COMPLETED,24,687.21
3158,242,2024-03-05 13:48:26,REFUNDED,17,457.17
3159,152,2024-01-04 14:42:24,COMPLETED,24,314.90
3160,409,2024-12-16 04:44:22,PENDING,24,736.55
3161,422,2024-12-10 22:16:24,COMPLETED,6,213.44
3162,118,2023-02-11 07:49:16,PENDING,3,148.15
3163,348,2023-10-03 07:15:06,COMPLETED,5,662.29
3164,2,2023-04-15 21:44:34,CANCELLED,8,530.17
3165,296,2025-03-11 04:30:50,COMPLETED,17,110.59
3166,457,2023-09-22 07:40:10,COMPLETED,24,682.88
3167,256,2025-03-13 22:11:53,COMPLETED,25,585.13
3168,37,2023-11-16 17:17:34,COMPLETED,10,281.68
3169,346,2023-02-09 23:25:08,REFUNDED,25,339.09
3170,399,2025-04-23 12:25:27,COMPLETED,16,28.61
3171,237,2024-05-19 19:33:04,COMPLETED,23,438.15
3172,161,2025-07-05 06:13:58,REFUNDED,18,198.78
3173,117,2024-12-11 02:32:46,COMPLETED,12,168.07
3174,457,2023-06-25 23:02:41,COMPLETED,19,45.41
3175,452,2024-12-27 12:16:37,COMPLETED,21,538.23
3176,210,2025-09-24 15:19:50,COMPLETED,3,810.81
3177,156,2024-09-13 06:32:49,COMPLETED,5,58.88
3178,467,2024-09-10 12:54:25,CANCELLED,4,419.02
3179,425,2025-09-09 13:18:56,COMPLETED,6,450.66
3180,95,2024-04-07 19:02:31,REFUNDED,14,446.95
3181,6087,2024-04-20 16:08:57,COMPLETED,17,800.66
3182,238,2025-06-24 23:59:29,CANCELLED,-5,114.08
3183,273,2024-12-21 21:37:02,COMPLETED,18,346.69
3184,47,2024-07-24 04:44:58,COMPLETED,24,687.27
3185,331,2024-04-29 22:33:00,COMPLETED,12,538.74
3186,40,2023-04-22 00:09:26,COMPLETED,19,295.31
3187,347,2023-08-25 12:05:48,REFUNDED,20,52.97
3188,164,2023-08-16 18:42:34,CANCELLED,25,535.01
3189,158,2025-01-27 09:28:59,COMPLETED,12,191.60
3190,366,2023-10-05 16:56:39,CANCELLED,11,438.52
3191,491,2024-09-05 11:45:39,REFUNDED,23,399.56
3192,493,2024-04-23 06:35:23,COMPLETED,23,358.69
3193,99,2025-01-07 17:04:28,COMPLETED,21,594.50
3194,212,2023-10-19 00:35:39,COMPLETED,13,878.85
3195,277,2024-01-20 12:10:21,REFUNDED,18,362.70
3196,130,2025-01-13 10:42:21,PENDING,20,334.36
3197,59,2024-01-02 02:55:48,CANCELLED,22,101.28
3198,140,2024-04-12 04:26:26,COMPLETED,2,778.53
3199,266,2023-05-14 17:33:21,PENDING,3,298.04
3200,308,2023-08-14 04:55:59,CANCELLED,21,849.49
3201,188,2025-05-02 04:53:05,REFUNDED,16,177.62
3202,406,2025-06-02 14:47:11,COMPLETED,9,732.78
3203,267,2024-09-25 13:16:06,COMPLETED,16,158.23
3204,197,2024-03-19 05:46:24,COMPLETED,20,428.28
3205,460,2025-07-15 06:43:51,CANCELLED,2,357.89
3206,436,2023-06-17 08:57:00,CANCELLED,25,877.25
3207,243,2023-11-21 19:22:55,PENDING,21,774.30
3208,88,2024-05-28 00:40:00,COMPLETED,21,740.10
3209,446,2024-08-15 08:05:14,COMPLETED,1,622.69
3210,128,2024-01-10 10:10:22,COMPLETED,12,606.32
3211,92,2025-09-22 10:54:21,REFUNDED,4,473.40
3212,496,2024-01-11 13:30:12,REFUNDED,23,284.75
3213,125,2024-02-13 03:26:24,REFUNDED,5,622.78
3214,284,2023-08-01 15:19:42,CANCELLED,13,605.14
3215,451,2025-03-01 10:08:04,COMPLETED,19,108.69
3216,43,2023-05-30 03:27:40,COMPLETED,24,384.88
3217,114,2023-03-15 03:24:44,COMPLETED,23,293.46
3218,431,2025-09-07 19:22:57,COMPLETED,14,440.70
3219,217,2023-10-26 09:14:46,COMPLETED,13,408.35
3220,29,2025-04-21 20:33:52,PENDING,18,611.66
3221,221,2024-04-22 21:08:06,COMPLETED,8,562.77
3222,484,2024-08-14 13:43:46,CANCELLED,25,616.70
3223,103,2024-11-07 22:28:53,COMPLETED,1,651.08
3224,418,2025-07-07 14:36:43,REFUNDED,13,98.61
3225,215,2023-01-07 08:42:43,COMPLETED,25,265.42
3226,352,2023-04-12 08:01:35,COMPLETED,1,709.43
3227,477,2024-03-29 08:48:47,PENDING,7,266.72
3228,39,2024-11-27 14:54:11,PENDING,25,843.06
3229,37,2023-06-24 03:12:02,REFUNDED,22,765.87
3230,413,2025-05-24 07:21:31,COMPLETED,5,616.36
3231,209,2024-04-09 13:54:39,CANCELLED,6,569.95
3232,412,2024-09-04 21:50:37,REFUNDED,22,363.47
3233,102,2025-09-19 20:50:53,COMPLETED,15,366.06
3234,165,2024-11-12 19:43:10,COMPLETED,2,137.38
3235,405,2023-04-13 11:27:20,COMPLETED,6,244.29
3236,500,2025-04-22 01:05:06,COMPLETED,14,568.13
3237,69,2023-10-14 07:52:07,COMPLETED,8,270.21
3238,70,2023-03-24 04:46:37,REFUNDED,13,659.27
3239,432,2024-09-26 02:54:56,COMPLETED,24,58.97
3240,366,2023-12-15 09:43:43,COMPLETED,21,224.50
3241,113,2023-11-04 03:12:07,COMPLETED,3,478.61
3242,23,2025-01-24 17:44:58,COMPLETED,13,750.38
3243,176,2023-10-28 01:16:27,COMPLETED,17,476.31
3244,111,2023-05-06 09:27:27,COMPLETED,24,183.50
3245,280,2024-08-22 13:06:01,CANCELLED,21,529.24
3246,463,2023-08-25 14:25:12,REFUNDED,10,581.03
3247,259,2023-10-23 14:57:05,COMPLETED,11,319.69
3248,6,2023-04-09 16:18:27,PENDING,5,42.43
3249,74,2023-02-27 20:17:43,COMPLETED,23,309.32
3250,340,2025-01-30 22:24:11,COMPLETED,5,122.46
3251,203,2025-09-11 12:21:02,CANCELLED,15,65.43
3252,241,2024-07-12 22:12:54,COMPLETED,6,83.46
3253,14,2025-09-18 22:15:02,REFUNDED,15,104.20
3254,83,2025-04-12 10:22:33,COMPLETED,12,393.70
3255,185,2025-04-23 09:04:14,COMPLETED,8,161.05
3256,110,2024-12-12 19:49:59,COMPLETED,-5,159.85
3257,291,2023-08-25 20:08:34,COMPLETED,10,887.12
3258,343,2025-08-08 20:24:06,CANCELLED,13,427.71
3259,360,2023-01-28 22:10:20,CANCELLED,13,654.03
3260,166,2023-05-07 02:16:22,COMPLETED,11,391.94
3261,333,2025-03-12 16:22:25,REFUNDED,23,163.32
3262,166,2023-12-17 00:33:32,COMPLETED,18,825.75
3263,82,2024-09-22 13:04:35,REFUNDED,18,396.21
3264,4617,2023-12-06 02:41:43,COMPLETED,6,558.29
3265,114,2024-08-28 23:35:14,PENDING,21,278.80
3266,469,2024-06-03 18:18:40,CANCELLED,10,683.51
3267,342,2024-10-07 19:19:59,COMPLETED,6,330.58
3268,7,2025-06-22 07:12:21,CANCELLED,25,700.38
3269,101,2024-07-17 00:59:16,COMPLETED,12,683.97
3270,471,2023-07-31 05:37:41,REFUNDED,9,119.93
3271,382,2025-07-25 22:30:35,PENDING,23,770.27
3272,387,2025-01-14 06:36:51,REFUNDED,6,741.84
3273,481,2023-08-07 08:33:55,COMPLETED,8,520.25
3274,85,2023-07-12 00:26:11,COMPLETED,2,893.11
3275,38,2025-08-12 11:53:57,COMPLETED,2,58.80
3276,41,2023-05-08 22:45:05,CANCELLED,19,132.00
3277,77,2025-09-19 18:05:10,REFUNDED,9,886.81
3278,61,2023-10-11 18:18:18,REFUNDED,6,383.34
3279,143,2025-04-10 13:51:34,PENDING,9,733.23
3280,118,2023-01-28 02:52:28,CANCELLED,21,537.11
3281,114,2025-04-03 05:36:44,COMPLETED,23,56.67
3282,139,2024-01-29 14:51:05,COMPLETED,22,179.25
3283,342,2023-08-09 19:21:49,REFUNDED,20,376.33
3284,67,2023-05-29 02:10:14,PENDING,1,180.18
3285,426,2024-04-10 13:41:52,REFUNDED,23,134.36
3286,27,2025-05-16 11:54:42,CANCELLED,8,816.61
3287,427,2024-10-17 11:50:03,COMPLETED,4,684.50
3288,259,2024-11-19 02:54:40,COMPLETED,6,17.93
3289,183,2023-07-23 10:04:26,CANCELLED,22,741.02
3290,42,2023-03-27 12:37:59,CANCELLED,4,814.57
3291,268,2025-03-10 16:41:35,COMPLETED,14,470.21
3292,278,2023-03-06 18:34:06,PENDING,11,225.08
3293,193,2025-08-09 23:19:47,COMPLETED,22,302.85
3294,163,2025-05-09 13:16:25,REFUNDED,11,165.66
3295,338,2023-01-08 16:22:37,COMPLETED,10,557.72
3296,39,2024-05-05 00:40:03,REFUNDED,15,182.85
3297,63,2024-05-28 04:00:33,COMPLETED,3,825.62
3298,244,2023-03-28 06:03:37,REFUNDED,1,422.89
3299,125,2025-01-10 18:19:10,PENDING,4,710.30
3300,261,2025-04-06 23:00:59,REFUNDED,24,214.94
3301,488,2024-10-05 18:23:31,COMPLETED,20,349.64
3302,56,2024-09-12 12:05:31,PENDING,24,412.24
3303,486,2024-05-26 08:16:19,COMPLETED,25,307.96
3304,367,2024-12-16 06:35:57,COMPLETED,25,383.55
3305,195,2024-10-22 21:52:10,COMPLETED,22,246.86
3306,459,2024-11-12 02:00:25,COMPLETED,15,14.97
3307,372,2023-07-09 16:47:23,COMPLETED,20,153.20
3308,476,2023-03-02 21:44:59,COMPLETED,18,480.52
3309,435,2024-07-11 23:50:22,REFUNDED,12,600.67
3310,199,2023-08-28 22:58:47,COMPLETED,24,342.31
3311,346,2025-06-02 11:26:21,COMPLETED,3,409.76
3312,101,2023-03-12 14:13:27,REFUNDED,19,281.50
3313,386,2025-07-29 01:58:34,COMPLETED,7,887.06
3314,38,2025-06-24 17:11:54,COMPLETED,10,493.09
3315,74,2024-09-09 09:13:35,REFUNDED,25,514.55
3316,195,2024-01-07 14:43:56,CANCELLED,16,737.52
3317,4,2025-01-10 16:43:05,COMPLETED,18,838.91
3318,34,2025-04-21 20:13:17,COMPLETED,13,456.81
3319,291,2023-11-24 20:20:47,COMPLETED,3,536.13
3320,205,2023-07-19 08:28:15,COMPLETED,12,717.28
3321,376,2023-06-01 18:12:47,REFUNDED,15,720.82
3322,147,2025-09-06 13:24:28,COMPLETED,6,305.37
3323,159,2025-01-27 18:50:36,REFUNDED,10,115.33
3324,11,2024-06-08 23:42:15,REFUNDED,13,558.47
3325,139,2024-09-02 20:28:18,COMPLETED,18,198.29
3326,270,2024-05-06 13:05:28,COMPLETED,7,646.48
3327,457,2024-10-22 05:38:12,COMPLETED,18,21.21
3328,104,2025-03-01 20:39:41,PENDING,22,60.17
3329,57,2024-03-15 19:41:35,COMPLETED,7,313.22
3330,423,2023-01-08 01:29:19,COMPLETED,6,649.32
3331,201,2025-09-07 23:14:39,CANCELLED,1,412.50
3332,326,2025-07-01 02:17:16,COMPLETED,8,98.78
3333,496,2023-05-09 09:10:50,COMPLETED,8,64.40
3334,59,2024-11-12 11:13:15,COMPLETED,9,882.64
3335,100,2025-08-12 05:02:59,COMPLETED,2,561.88
3336,237,2023-08-17 09:26:59,COMPLETED,13,637.14
3337,42,2024-01-11 18:05:35,CANCELLED,22,372.38
3338,366,2025-08-02 10:54:20,COMPLETED,11,428.56
3339,149,2023-11-26 20:10:18,CANCELLED,13,533.50
3340,379,2025-07-25 03:38:38,PENDING,8,734.45
3341,105,2023-11-15 07:16:38,COMPLETED,11,432.68
3342,7,2023-09-16 21:34:25,PENDING,20,279.60
3343,178,2023-08-04 18:22:43,COMPLETED,25,704.41
3344,465,2023-08-06 14:29:29,COMPLETED,18,576.42
3345,47,2024-03-13 03:10:41,COMPLETED,21,111.01
3346,365,2023-11-15 20:37:33,PENDING,21,814.18
3347,151,2023-06-29 22:12:09,CANCELLED,11,188.79
3348,51,2024-10-28 10:02:36,COMPLETED,10,685.76
3349,51,2023-01-01 18:57:33,COMPLETED,10,165.25
3350,195,2024-03-05 18:16:19,PENDING,15,428.29
3351,265,2023-03-25 23:31:05,REFUNDED,20,284.12
3352,465,2025-07-08 02:09:58,CANCELLED,5,635.35
3353,252,2024-09-07 19:16:07,COMPLETED,1,273.43
3354,296,2025-01-16 04:15:08,CANCELLED,3,242.18
3355,257,2024-03-15 13:16:10,PENDING,21,78.22
3356,155,2024-07-23 07:27:28,COMPLETED,8,851.90
3357,396,2024-10-22 00:14:21,CANCELLED,16,472.85
3358,297,2023-10-01 03:18:59,COMPLETED,3,465.90
3359,446,2024-12-10 10:51:41,CANCELLED,6,389.90
3360,176,2024-03-06 15:33:46,CANCELLED,15,568.34
3361,288,2025-01-04 21:16:22,COMPLETED,15,580.04
3362,392,2023-03-23 04:48:41,COMPLETED,24,807.98
3363,102,2024-10-22 16:10:38,PENDING,9,648.10
3364,82,2023-11-23 06:20:39,COMPLETED,17,93.87
3365,357,2024-11-10 06:35:47,PENDING,4,690.32
3366,305,2024-11-16 02:49:42,PENDING,6,573.66
3367,402,2023-11-06 12:15:58,CANCELLED,3,185.28
3368,132,2023-12-11 17:08:50,COMPLETED,5,373.06
3369,312,2024-12-16 14:03:05,REFUNDED,11,43.71
3370,344,2023-05-19 13:38:56,COMPLETED,10,579.14
3371,315,2023-05-30 03:10:45,COMPLETED,24,51.97
3372,271,2023-11-02 20:51:15,REFUNDED,9,17.03
3373,17,2025-05-17 04:07:33,CANCELLED,19,209.44
3374,168,2023-12-20 10:33:05,COMPLETED,5,466.55
3375,26,2024-07-11 05:23:17,COMPLETED,20,485.47
3376,297,2024-12-02 13:42:30,COMPLETED,20,141.59
3377,330,2025-04-16 17:19:08,COMPLETED,8,782.15
3378,376,2025-08-13 02:55:58,COMPLETED,15,14.10
3379,331,2024-07-05 19:44:20,REFUNDED,11,274.40
3380,409,2024-09-25 17:34:43,COMPLETED,21,628.95
3381,314,2023-10-25 00:47:01,COMPLETED,18,235.40
3382,483,2023-10-25 10:03:12,PENDING,17,698.64
3383,175,2023-05-19 02:33:52,PENDING,24,535.26
3384,438,2024-07-23 10:44:41,PENDING,19,421.69
3385,236,2023-06-19 00:46:20,COMPLETED,22,333.34
3386,132,2023-12-28 00:28:02,COMPLETED,8,514.01
3387,278,2023-08-21 22:16:41,CANCELLED,14,561.75
3388,3,2024-12-07 03:11:03,CANCELLED,3,570.27
3389,94,2025-09-22 19:02:50,COMPLETED,12,699.12
3390,244,2025-01-10 02:18:47,REFUNDED,13,273.37
3391,10,2023-05-06 07:41:53,COMPLETED,17,290.60
3392,262,2023-02-24 21:44:59,CANCELLED,4,659.30
3393,442,2024-11-22 13:32:17,REFUNDED,21,777.78
3394,423,2025-06-26 11:01:25,CANCELLED,11,437.78
3395,417,2023-04-30 03:01:07,COMPLETED,23,857.49
3396,54,2025-07-26 19:35:36,COMPLETED,22,828.12
3397,248,2025-04-23 11:10:37,COMPLETED,15,61.59
3398,264,2023-12-11 06:47:05,CANCELLED,11,267.52
3399,94,2024-05-07 07:38:37,PENDING,4,377.98
3400,92,2023-04-02 12:26:19,REFUNDED,5,785.85
3401,206,2025-03-29 16:11:47,COMPLETED,15,892.46
3402,129,2025-09-04 19:10:43,PENDING,11,422.72
3403,390,2023-05-18 02:23:25,COMPLETED,22,641.37
3404,282,2025-07-31 09:15:53,COMPLETED,3,465.10
3405,170,2025-07-18 06:48:24,REFUNDED,20,548.95
3406,383,2024-11-24 16:50:56,COMPLETED,24,658.11
3407,232,2025-09-02 22:36:34,PENDING,23,54.71
3408,58,2024-06-27 09:23:47,REFUNDED,17,54.03
3409,13,2023-04-02 21:56:09,PENDING,14,215.01
3410,169,2025-08-05 15:55:37,PENDING,14,679.28
3411,313,2024-07-09 15:17:08,COMPLETED,20,640.28
3412,402,2023-04-22 03:26:06,CANCELLED,20,593.74
3413,102,2024-07-19 16:51:07,CANCELLED,12,490.19
3414,467,2025-08-31 07:47:34,CANCELLED,23,39.42
3415,486,2025-03-28 13:40:04,COMPLETED,24,250.38
3416,368,2023-04-24 22:06:33,CANCELLED,16,242.35
3417,86,2023-09-20 11:27:49,COMPLETED,4,422.06
3418,65,2023-02-26 08:35:46,COMPLETED,1,251.62
3419,226,2023-08-26 05:09:58,COMPLETED,23,312.88
3420,360,2023-01-09 12:25:06,REFUNDED,5,704.64
3421,380,2023-04-24 16:43:45,REFUNDED,11,237.43
3422,66,2025-01-21 03:04:47,PENDING,22,531.35
3423,82,2025-02-08 11:12:42,COMPLETED,24,784.30
3424,397,2023-07-29 09:19:58,CANCELLED,8,695.85
3425,249,2024-08-05 19:45:29,CANCELLED,20,247.18
3426,366,2025-02-24 17:45:58,COMPLETED,6,794.25
3427,5,2024-09-23 15:03:44,COMPLETED,9,583.53
3428,499,2025-08-19 14:45:03,COMPLETED,11,742.00
3429,430,2025-02-12 10:36:14,REFUNDED,3,209.98
3430,272,2025-01-14 12:19:50,COMPLETED,2,81.90
3431,138,2024-08-14 04:03:28,COMPLETED,14,341.66
3432,267,2025-08-30 22:03:19,COMPLETED,5,555.60
3433,102,2024-06-04 04:58:17,REFUNDED,20,135.94
3434,431,2024-05-01 20:18:17,PENDING,4,170.80
3435,104,2024-09-04 00:16:58,PENDING,9,385.18
3436,348,2023-11-20 04:21:03,COMPLETED,12,349.86
3437,227,2023-01-24 15:39:45,REFUNDED,21,817.59
3438,68,2024-04-21 13:22:26,REFUNDED,6,462.48
3439,227,2025-02-08 14:39:18,PENDING,3,261.68
3440,187,2024-12-06 10:11:38,COMPLETED,11,872.67
3441,475,2023-07-23 10:42:56,COMPLETED,14,186.20
3442,474,2025-04-15 00:06:45,CANCELLED,6,220.68
3443,356,2023-04-15 11:27:53,CANCELLED,10,799.37
3444,134,2025-03-07 03:53:54,CANCELLED,24,336.72
3445,325,2024-01-12 08:24:43,COMPLETED,21,499.20
3446,54,2024-07-18 02:28:21,CANCELLED,24,404.35
3447,110,2023-04-02 08:48:37,REFUNDED,4,889.83
3448,109,2023-09-29 12:53:27,PENDING,19,455.67
3449,156,2025-03-15 14:00:32,COMPLETED,5,441.30
3450,241,2024-09-30 00:19:57,COMPLETED,25,56.65
3451,88,2024-09-18 22:14:55,CANCELLED,23,195.86
3452,9,2024-12-18 09:15:20,REFUNDED,16,777.45
3453,151,2023-10-28 16:02:45,PENDING,2,73.16
3454,199,2025-01-03 18:53:21,COMPLETED,19,343.57
3455,249,2023-04-27 19:58:25,REFUNDED,15,549.98
3456,201,2023-04-14 08:29:09,COMPLETED,11,274.28
3457,186,2024-06-30 02:34:50,COMPLETED,24,309.60
3458,420,2024-11-21 06:49:46,COMPLETED,7,854.89
3459,2,2023-09-04 21:17:01,COMPLETED,24,877.09
3460,486,2025-09-24 17:49:28,PENDING,18,48.74
3461,429,2023-01-03 12:28:16,COMPLETED,24,759.42
3462,468,2024-03-27 16:30:49,COMPLETED,10,710.26
3463,83,2025-05-20 08:25:12,REFUNDED,12,723.08
3464,413,2023-07-13 22:29:18,COMPLETED,8,770.01
3465,239,2025-09-26 01:25:58,COMPLETED,9,347.76
3466,49,2025-02-08 04:36:21,CANCELLED,9,176.24
3467,197,2024-03-24 13:51:18,REFUNDED,17,198.95
3468,120,2023-12-11 20:14:33,CANCELLED,5,899.01
3469,387,2023-03-26 06:28:14,COMPLETED,16,301.72
3470,87,2024-08-18 22:14:59,PENDING,19,145.92
3471,212,2023-03-11 14:43:44,COMPLETED,8,125.58
3472,49,2023-10-04 14:53:47,COMPLETED,1,818.58
3473,200,2024-04-02 18:42:21,COMPLETED,16,499.86
3474,330,2025-06-18 13:19:03,CANCELLED,25,51.93
3475,366,2024-01-04 18:03:27,COMPLETED,1,251.70
3476,108,2025-08-27 17:59:51,COMPLETED,9,75.58
3477,318,2024-02-15 11:01:48,COMPLETED,2,770.04
3478,118,2023-12-27 11:35:38,COMPLETED,1,840.34
3479,68,2023-10-30 17:02:16,PENDING,24,201.37
3480,474,2023-10-11 23:11:42,CANCELLED,3,165.86
3481,480,2024-08-21 05:59:02,COMPLETED,9,895.71
3482,358,2025-07-16 14:35:42,COMPLETED,24,72.43
3483,268,2025-06-27 05:40:47,COMPLETED,25,480.96
3484,102,2023-06-08 09:14:24,COMPLETED,8,80.34
3485,224,2023-06-02 18:41:07,CANCELLED,10,871.53
3486,215,2024-07-08 08:10:42,COMPLETED,3,709.87
3487,336,2025-09-26 13:11:54,PENDING,15,622.07
3488,46,2025-04-06 06:53:39,COMPLETED,19,334.57
3489,203,2024-01-07 10:13:38,CANCELLED,24,552.74
3490,201,2023-12-05 16:04:48,REFUNDED,1,182.61
3491,285,2023-12-31 18:35:07,COMPLETED,18,851.92
3492,350,2025-03-25 11:01:34,COMPLETED,9,761.78
3493,70,2024-12-08 01:55:02,COMPLETED,4,676.57
3494,124,2024-01-28 12:39:49,PENDING,20,472.80
3495,273,2024-02-18 05:23:24,COMPLETED,5,283.40
3496,232,2023-06-01 05:54:01,COMPLETED,2,540.92
3497,70,2024-03-27 03:50:44,PENDING,10,720.53
3498,303,2024-12-07 06:05:06,COMPLETED,9,824.74
3499,381,2024-07-14 00:34:55,REFUNDED,3,132.34
3500,320,2025-01-20 09:18:04,CANCELLED,15,447.82
3501,428,2024-07-28 23:10:54,COMPLETED,14,189.83
3502,385,2024-07-26 00:41:07,COMPLETED,3,717.40
3503,255,2024-11-19 11:04:05,REFUNDED,3,589.76
3504,46,2023-02-12 06:51:51,PENDING,7,738.33
3505,400,2024-02-12 04:22:33,COMPLETED,5,336.23
3506,123,2023-03-27 11:00:12,REFUNDED,7,268.33
3507,452,2024-03-06 02:51:26,COMPLETED,3,860.30
3508,180,2024-12-09 18:25:52,PENDING,8,680.24
3509,202,2025-07-05 02:28:57,COMPLETED,9,239.71
3510,31,2025-04-25 09:58:20,PENDING,14,690.94
3511,121,2025-03-08 10:24:16,COMPLETED,1,461.39
3512,479,2023-06-19 01:42:45,COMPLETED,18,483.34
3513,125,2024-03-18 07:11:25,COMPLETED,11,570.44
3514,388,2025-06-06 05:03:05,REFUNDED,20,625.95
3515,70,2023-04-08 17:09:58,CANCELLED,21,140.98
3516,387,2025-07-18 15:38:59,PENDING,4,90.11
3517,395,2024-08-07 19:08:31,COMPLETED,22,400.91
3518,113,2025-02-26 17:03:17,REFUNDED,3,200.93
3519,260,2025-03-28 14:18:13,CANCELLED,16,215.77
3520,341,2023-05-05 13:03:07,COMPLETED,9,875.25
3521,135,2023-09-09 18:39:02,COMPLETED,17,85.18
3522,355,2024-10-12 00:28:51,COMPLETED,18,378.72
3523,436,2023-09-18 22:24:56,COMPLETED,22,19.87
3524,386,2023-02-11 06:07:18,CANCELLED,22,516.92
3525,357,2025-06-02 20:38:26,CANCELLED,19,49.19
3526,120,2025-02-07 00:40:37,PENDING,7,174.58
3527,392,2023-12-02 20:08:25,COMPLETED,18,247.28
3528,439,2024-04-20 21:03:39,COMPLETED,15,681.17
3529,312,2024-04-05 06:44:00,COMPLETED,20,428.88
3530,76,2025-05-25 07:00:58,CANCELLED,13,194.80
3531,288,2025-07-23 04:15:16,PENDING,0,244.45
3532,457,2025-06-25 15:42:50,COMPLETED,3,313.59
3533,362,2024-10-30 17:21:40,COMPLETED,19,205.61
3534,488,2023-05-22 12:12:48,REFUNDED,12,720.30
3535,444,2024-09-26 11:02:34,REFUNDED,1,100.22
3536,34,2023-07-16 04:00:03,REFUNDED,15,271.50
3537,220,2024-08-22 08:02:36,COMPLETED,19,764.84
3538,334,2023-12-17 10:49:39,PENDING,24,550.63
3539,165,2025-03-09 19:25:54,PENDING,12,125.28
3540,89,2023-01-25 04:39:39,CANCELLED,6,62.89
3541,53,2024-05-13 21:58:51,COMPLETED,1,386.47
3542,114,2025-02-28 04:21:57,PENDING,15,316.21
3543,227,2024-11-28 17:53:00,COMPLETED,19,349.38
3544,132,2025-02-22 18:05:26,REFUNDED,17,804.29
3545,262,2025-08-07 21:08:14,COMPLETED,22,93.40
3546,432,2025-07-19 11:17:30,PENDING,13,468.10
3547,275,2023-08-03 18:51:35,REFUNDED,16,224.38
3548,109,2023-06-30 06:47:06,COMPLETED,1,45.52
3549,138,2023-05-10 19:04:08,PENDING,21,582.99
3550,78,2023-04-11 02:05:45,PENDING,2,326.51
3551,193,2025-01-29 15:21:30,CANCELLED,0,318.72
3552,410,2023-05-15 07:17:21,COMPLETED,14,706.09
3553,83,2023-12-03 13:53:21,COMPLETED,14,586.40
3554,492,2023-09-29 16:56:42,COMPLETED,20,181.17
3555,234,2023-08-20 17:41:04,CANCELLED,19,815.46
3556,123,2023-04-09 18:11:05,COMPLETED,13,719.05
3557,297,2024-02-22 16:21:43,COMPLETED,6,547.81
3558,393,2024-02-21 16:25:41,PENDING,22,244.41
3559,434,2024-07-22 23:09:47,CANCELLED,14,81.36
3560,48,2024-02-27 14:36:39,CANCELLED,6,6.64
3561,285,2023-07-28 11:44:49,PENDING,4,93.72
3562,36,2023-05-10 22:29:57,COMPLETED,17,609.39
3563,441,2023-02-28 09:59:54,COMPLETED,19,466.20
3564,432,2023-09-11 02:50:32,COMPLETED,18,842.99
3565,70,2023-06-29 08:05:37,REFUNDED,4,766.85
3566,448,2025-03-11 01:32:41,COMPLETED,8,506.95
3567,150,2025-04-16 07:23:27,PENDING,20,43.77
3568,419,2025-02-12 18:15:13,PENDING,23,750.99
3569,487,2025-01-30 11:42:44,REFUNDED,16,380.37
3570,25,2024-05-18 12:33:02,CANCELLED,23,191.50
3571,395,2023-08-30 08:12:52,COMPLETED,2,736.01
3572,304,2024-12-01 06:48:05,COMPLETED,22,292.18
3573,143,2023-04-19 06:52:37,COMPLETED,14,834.96
3574,87,2023-12-21 22:59:49,COMPLETED,8,290.86
3575,183,2024-09-01 15:23:58,COMPLETED,23,158.17
3576,244,2023-11-14 14:04:54,COMPLETED,22,365.77
3577,144,2024-12-09 21:45:03,COMPLETED,1,461.80
3578,327,2023-05-05 07:29:01,PENDING,25,205.71
3579,450,2024-02-26 01:55:54,COMPLETED,1,220.57
3580,355,2024-04-27 17:51:27,PENDING,7,637.31
3581,294,2023-05-14 17:54:35,PENDING,17,647.27
3582,194,2023-11-22 15:50:52,COMPLETED,10,247.02
3583,192,2023-09-28 22:02:16,COMPLETED,11,412.85
3584,420,2023-09-29 18:00:21,COMPLETED,10,373.60
3585,229,2025-06-04 19:03:47,COMPLETED,23,77.86
3586,113,2024-11-04 11:34:28,REFUNDED,23,533.88
3587,224,2023-08-11 23:42:27,CANCELLED,9,877.63
3588,391,2023-08-23 03:46:58,COMPLETED,2,415.73
3589,177,2024-03-27 09:51:54,REFUNDED,2,120.08
3590,370,2024-08-27 18:47:45,PENDING,12,576.41
3591,289,2023-11-09 18:51:55,COMPLETED,20,382.43
3592,499,2023-02-03 00:39:32,COMPLETED,3,486.18
3593,212,2024-06-10 17:26:37,REFUNDED,22,824.03
3594,294,2024-07-20 01:52:08,COMPLETED,19,286.03
3595,62,2025-06-13 10:11:34,COMPLETED,3,621.36
3596,228,2023-01-13 01:35:48,PENDING,16,847.48
3597,168,2024-01-11 10:20:20,COMPLETED,4,726.66
3598,59,2025-09-24 15:04:39,CANCELLED,9,705.93
3599,377,2025-02-07 18:50:29,COMPLETED,4,303.83
3600,196,2025-08-06 00:06:47,COMPLETED,7,268.68
3601,194,2025-07-21 03:31:11,PENDING,23,411.03
3602,161,2024-03-17 09:17:50,CANCELLED,3,108.81
3603,223,2023-01-30 06:33:28,COMPLETED,25,90.28
3604,309,2024-04-09 17:43:57,COMPLETED,13,356.51
3605,2,2023-01-09 09:27:59,PENDING,22,410.48
3606,58,2024-10-13 19:18:48,COMPLETED,6,766.78
3607,133,2025-08-15 20:29:17,COMPLETED,24,842.28
3608,491,2023-03-24 10:32:43,PENDING,14,811.90
3609,408,2023-06-24 21:22:04,CANCELLED,6,84.52
3610,162,2024-08-31 03:51:58,CANCELLED,22,99.12
3611,369,2023-06-03 10:11:53,COMPLETED,13,821.11
3612,444,2025-01-30 23:27:59,PENDING,6,391.72
3613,19,2023-05-18 08:47:22,PENDING,6,362.20
3614,197,2023-07-28 01:22:58,PENDING,11,179.15
3615,32,2025-04-23 16:06:03,PENDING,12,245.58
3616,338,2024-05-30 02:15:09,COMPLETED,13,866.05
3617,438,2024-03-01 18:41:28,REFUNDED,14,585.68
3618,490,2025-01-23 16:43:51,COMPLETED,23,480.44
3619,109,2024-02-16 00:35:58,CANCELLED,5,558.47
3620,393,2023-01-20 11:54:38,COMPLETED,15,559.16
3621,484,2025-01-27 09:34:21,COMPLETED,3,505.01
3622,267,2025-03-21 22:34:56,REFUNDED,6,815.57
3623,273,2024-01-30 08:22:37,PENDING,25,578.36
3624,476,2025-03-25 19:51:21,PENDING,5,370.01
3625,377,2024-11-25 10:54:20,PENDING,15,628.94
3626,251,2023-11-28 18:50:01,COMPLETED,5,70.09
3627,321,2024-01-01 14:10:51,COMPLETED,9,639.20
3628,472,2023-06-11 01:55:49,COMPLETED,6,626.72
3629,308,2025-04-09 04:36:23,COMPLETED,13,582.94
3630,388,2024-07-23 19:01:14,CANCELLED,8,836.52
3631,130,2024-05-07 08:21:41,PENDING,19,829.78
3632,333,2023-03-07 15:34:44,COMPLETED,19,521.30
3633,135,2023-10-14 06:13:18,PENDING,8,207.33
3634,199,2024-02-22 00:57:56,COMPLETED,24,389.65
3635,191,2025-07-07 01:56:16,CANCELLED,25,595.26
3636,369,2025-09-03 04:25:20,COMPLETED,17,129.01
3637,474,2023-06-21 10:27:18,REFUNDED,20,847.02
3638,314,2023-10-02 03:05:23,REFUNDED,16,468.97
3639,6,2025-04-24 14:25:47,REFUNDED,7,859.28
3640,492,2025-07-22 00:46:55,COMPLETED,2,702.06
3641,250,2025-09-09 20:43:02,REFUNDED,23,318.50
3642,58,2024-04-09 03:54:21,COMPLETED,11,687.90
3643,421,2025-07-18 02:37:30,CANCELLED,7,459.60
3644,275,2023-07-01 16:55:51,CANCELLED,23,416.40
3645,448,2024-06-08 14:59:21,COMPLETED,24,819.06
3646,46,2024-02-29 16:47:44,REFUNDED,16,214.74
3647,248,2023-11-14 06:55:46,PENDING,19,454.06
3648,382,2024-05-26 20:45:39,CANCELLED,10,488.16
3649,284,2023-01-21 21:17:24,PENDING,1,95.35
3650,263,2025-03-29 04:43:11,PENDING,3,763.01
3651,240,2023-06-30 21:42:28,COMPLETED,8,198.66
3652,416,2025-09-16 13:10:16,COMPLETED,10,31.61
3653,242,2023-07-29 23:02:09,COMPLETED,6,498.02
3654,45,2023-04-23 07:43:18,CANCELLED,6,251.79
3655,484,2025-07-29 01:10:10,REFUNDED,15,93.05
3656,122,2023-03-20 00:07:26,CANCELLED,11,503.99
3657,110,2025-06-07 09:14:21,COMPLETED,3,216.32
3658,448,2025-04-06 07:59:03,CANCELLED,22,52.00
3659,132,2025-08-07 18:25:32,PENDING,8,887.42
3660,29,2024-07-10 16:35:19,COMPLETED,19,689.23
3661,441,2023-11-07 09:04:12,CANCELLED,22,672.67
3662,6442,2025-09-20 16:17:29,CANCELLED,20,433.68
3663,206,2023-10-12 05:20:24,CANCELLED,8,767.93
3664,209,2025-08-29 21:37:01,REFUNDED,15,116.33
3665,361,2025-07-16 07:13:49,COMPLETED,16,122.29
3666,255,2025-09-01 02:02:05,COMPLETED,19,162.58
3667,110,2024-08-17 07:19:56,COMPLETED,20,740.60
3668,470,2023-12-24 21:39:59,COMPLETED,4,794.74
3669,473,2024-02-05 18:22:13,COMPLETED,-5,334.95
3670,122,2023-09-14 01:03:24,COMPLETED,5,464.45
3671,26,2025-08-18 13:53:05,REFUNDED,25,491.30
3672,183,2025-06-21 14:37:03,COMPLETED,6,828.74
3673,62,2025-03-21 00:11:28,CANCELLED,25,26.50
3674,293,2025-07-19 17:49:14,REFUNDED,6,200.86
3675,417,2023-05-10 17:50:37,COMPLETED,20,546.06
3676,20,2024-04-17 00:51:52,CANCELLED,8,617.02
3677,308,2025-05-26 00:30:48,REFUNDED,20,158.80
3678,185,2024-03-27 21:41:34,REFUNDED,17,24.10
3679,126,2025-02-22 17:56:56,COMPLETED,15,811.42
3680,137,2023-02-16 06:16:35,COMPLETED,14,411.88
3681,383,2024-01-04 18:30:05,CANCELLED,11,574.14
3682,328,2024-09-20 01:28:08,CANCELLED,25,835.47
3683,365,2024-08-25 19:17:09,PENDING,7,246.57
3684,61,2023-06-21 22:41:23,REFUNDED,11,306.47
3685,249,2023-10-15 12:23:51,COMPLETED,18,661.58
3686,222,2024-12-27 12:07:49,REFUNDED,2,741.22
3687,152,2024-02-22 17:59:37,COMPLETED,2,805.15
3688,9,2024-09-28 04:29:11,CANCELLED,17,640.47
3689,51,2024-02-07 06:33:29,COMPLETED,20,846.95
3690,375,2024-01-10 10:27:17,REFUNDED,9,419.44
3691,59,2023-07-19 23:26:11,REFUNDED,2,188.63
3692,57,2023-05-28 09:20:23,PENDING,21,839.84
3693,244,2025-08-25 17:41:57,COMPLETED,20,60.61
3694,17,2023-12-09 22:30:07,REFUNDED,2,83.94
3695,251,2024-01-01 00:50:19,REFUNDED,3,526.67
3696,307,2023-07-08 23:19:45,COMPLETED,15,133.30
3697,451,2024-09-28 20:15:39,CANCELLED,12,107.73
3698,228,2023-09-21 20:41:31,CANCELLED,10,483.99
3699,110,2023-07-02 06:51:07,PENDING,4,299.84
3700,343,2024-03-14 01:05:51,REFUNDED,13,48.10
3701,346,2023-02-12 15:21:36,CANCELLED,8,51.84
3702,113,2024-01-26 17:28:49,COMPLETED,9,603.37
3703,454,2023-08-16 19:14:09,COMPLETED,15,355.48
3704,151,2023-11-30 17:56:35,COMPLETED,3,259.94
3705,158,2024-09-05 01:21:09,COMPLETED,3,391.24
3706,152,2025-06-25 14:07:29,COMPLETED,14,319.14
3707,221,2025-09-21 17:10:35,COMPLETED,19,100.27
3708,188,2025-08-21 11:57:40,COMPLETED,22,288.77
3709,255,2023-08-11 04:57:29,COMPLETED,3,115.88
3710,460,2025-03-21 07:28:22,REFUNDED,14,454.46
3711,75,2025-03-24 08:42:55,COMPLETED,6,53.66
3712,69,2024-08-29 13:09:35,COMPLETED,7,496.03
3713,483,2025-08-01 13:07:02,REFUNDED,17,366.91
3714,161,2023-05-02 23:21:41,REFUNDED,5,291.77
3715,321,2023-05-16 06:07:27,CANCELLED,11,274.16
3716,223,2024-02-03 17:27:26,COMPLETED,16,106.41
3717,379,2024-12-26 08:07:07,REFUNDED,24,544.45
3718,246,2023-03-30 21:54:32,COMPLETED,2,847.18
3719,33,2024-06-27 09:00:23,COMPLETED,14,745.60
3720,50,2024-04-12 22:09:19,REFUNDED,2,510.04
3721,416,2025-05-29 06:17:45,COMPLETED,3,330.23
3722,485,2023-03-01 04:13:49,CANCELLED,12,668.79
3723,80,2024-11-16 14:49:32,COMPLETED,17,255.54
3724,113,2024-08-24 03:58:39,COMPLETED,13,666.89
3725,47,2024-04-17 11:59:45,CANCELLED,6,191.80
3726,160,2024-09-26 04:59:45,CANCELLED,4,215.40
3727,423,2024-03-04 20:20:58,COMPLETED,7,69.69
3728,150,2024-09-08 00:11:06,COMPLETED,7,741.54
3729,330,2025-03-04 19:36:40,COMPLETED,15,426.91
3730,93,2023-04-04 20:49:33,COMPLETED,21,728.86
3731,458,2025-03-09 19:12:50,REFUNDED,11,358.11
3732,479,2023-02-04 03:49:13,REFUNDED,23,664.28
3733,491,2024-03-09 17:52:17,CANCELLED,6,476.66
3734,73,2025-08-06 08:49:55,COMPLETED,23,349.67
3735,255,2023-03-11 08:03:48,COMPLETED,3,644.71
3736,237,2023-11-16 18:55:40,COMPLETED,19,147.90
3737,438,2025-05-02 08:58:29,CANCELLED,8,888.27
3738,7,2025-05-16 04:20:42,COMPLETED,15,225.53
3739,314,2024-07-28 16:54:07,COMPLETED,7,817.43
3740,259,2025-09-27 18:00:51,REFUNDED,18,55.19
3741,460,2023-02-10 10:54:40,COMPLETED,10,835.83
3742,382,2023-10-15 12:20:30,PENDING,2,392.96
3743,80,2025-03-16 09:28:28,COMPLETED,18,8.38
3744,269,2023-01-23 07:18:56,PENDING,1,419.63
3745,204,2025-07-21 08:57:40,PENDING,6,776.46
3746,188,2025-09-06 20:20:30,PENDING,23,213.62
3747,54,2023-04-14 05:31:45,COMPLETED,21,371.62
3748,349,2024-03-14 21:08:55,CANCELLED,15,549.07
3749,473,2023-03-02 05:55:59,COMPLETED,1,522.26
3750,229,2025-09-22 19:42:49,PENDING,1,548.07
3751,135,2024-11-01 10:43:08,COMPLETED,8,774.20
3752,94,2024-02-12 14:55:06,CANCELLED,3,641.00
3753,136,2024-11-23 18:31:04,CANCELLED,1,251.08
3754,98,2023-02-03 15:12:19,PENDING,10,880.31
3755,71,2024-09-19 17:27:55,PENDING,1,732.59
3756,129,2025-05-19 19:16:08,REFUNDED,22,784.63
3757,31,2025-04-11 00:44:04,REFUNDED,3,184.08
3758,5279,2024-02-22 05:33:40,COMPLETED,24,627.79
3759,244,2023-10-03 22:05:24,COMPLETED,13,751.99
3760,442,2023-11-28 00:32:29,PENDING,13,26.56
3761,270,2023-09-01 05:59:44,COMPLETED,-1,386.13
3762,131,2023-02-17 03:53:11,COMPLETED,22,331.84
3763,206,2023-05-31 07:32:47,PENDING,17,351.88
3764,89,2024-07-23 09:41:54,REFUNDED,5,511.03
3765,68,2025-03-26 09:24:18,PENDING,10,174.46
3766,246,2023-03-28 06:11:53,PENDING,3,506.80
3767,461,2024-03-21 14:48:41,COMPLETED,25,454.87
3768,432,2023-02-25 18:10:08,COMPLETED,21,157.48
3769,202,2025-04-23 23:55:28,CANCELLED,14,159.57
3770,294,2023-10-28 22:41:45,REFUNDED,3,312.21
3771,154,2023-07-29 09:21:42,COMPLETED,6,62.49
3772,44,2024-03-23 23:39:43,REFUNDED,23,788.19
3773,148,2023-08-04 11:39:15,CANCELLED,12,278.92
3774,306,2025-08-12 09:18:08,COMPLETED,10,884.31
3775,46,2023-10-25 17:52:13,COMPLETED,6,218.68
3776,433,2024-10-10 05:50:37,CANCELLED,2,380.43
3777,270,2024-11-27 03:43:39,REFUNDED,4,660.95
3778,117,2025-02-25 02:26:37,REFUNDED,5,333.57
3779,87,2023-02-24 22:51:30,CANCELLED,8,740.98
3780,132,2025-07-10 08:14:50,COMPLETED,4,332.97
3781,142,2023-04-11 04:03:31,COMPLETED,23,515.42
3782,118,2024-12-21 14:52:41,COMPLETED,1,126.64
3783,142,2023-02-10 00:10:07,PENDING,18,220.98
3784,98,2024-07-10 04:39:50,REFUNDED,23,829.11
3785,226,2024-07-13 00:05:26,PENDING,19,271.35
3786,418,2025-02-13 19:06:47,REFUNDED,23,549.82
3787,373,2024-02-21 05:35:10,CANCELLED,17,604.54
3788,220,2025-05-15 04:20:52,CANCELLED,4,834.80
3789,480,2023-04-27 16:56:31,COMPLETED,5,883.49
3790,150,2023-07-06 03:05:12,CANCELLED,8,469.51
3791,331,2023-02-28 09:22:28,PENDING,21,721.98
3792,88,2024-01-10 07:18:46,PENDING,17,279.62
3793,373,2025-08-07 07:56:06,COMPLETED,16,513.32
3794,10,2023-11-01 10:49:39,CANCELLED,18,508.78
3795,106,2025-02-11 13:53:06,COMPLETED,6,224.01
3796,443,2023-12-21 17:29:15,PENDING,6,715.81
3797,373,2024-01-01 18:46:21,COMPLETED,9,298.28
3798,134,2025-01-13 23:51:23,CANCELLED,10,72.51
3799,268,2024-02-26 19:01:40,CANCELLED,4,480.86
3800,95,2023-05-12 07:19:29,COMPLETED,24,751.48
3801,259,2025-09-23 08:46:05,COMPLETED,9,285.30
3802,355,2024-07-31 20:43:48,REFUNDED,12,19.84
3803,472,2023-11-28 18:25:28,CANCELLED,4,553.39
3804,308,2024-03-04 14:00:21,PENDING,3,615.84
3805,70,2023-09-20 06:52:44,COMPLETED,17,316.68
3806,270,2023-07-22 23:20:25,COMPLETED,20,854.66
3807,267,2023-07-27 15:28:16,COMPLETED,2,168.19
3808,181,2023-07-01 16:05:07,CANCELLED,11,632.16
3809,151,2025-01-31 01:40:40,COMPLETED,11,137.49
3810,479,2025-03-04 19:31:31,COMPLETED,24,642.31
3811,292,2023-10-04 17:23:18,COMPLETED,13,571.07
3812,486,2024-08-01 09:34:18,COMPLETED,25,280.95
3813,312,2023-11-21 17:57:02,COMPLETED,18,416.19
3814,300,2023-03-01 10:00:29,COMPLETED,11,705.85
3815,81,2024-08-22 05:01:27,COMPLETED,4,201.19
3816,292,2023-09-29 18:27:03,CANCELLED,17,389.76
3817,469,2023-06-21 00:56:11,COMPLETED,11,851.77
3818,2,2023-01-21 08:01:37,COMPLETED,18,100.24
3819,56,2025-02-17 22:44:34,REFUNDED,19,847.42
3820,119,2023-06-18 00:47:42,REFUNDED,5,768.49
3821,488,2024-02-26 14:09:59,CANCELLED,17,267.50
3822,9,2025-08-12 21:21:50,REFUNDED,25,700.04
3823,273,2025-01-08 10:00:38,COMPLETED,9,160.13
3824,181,2023-09-20 20:35:58,REFUNDED,17,8.82
3825,432,2025-03-12 03:14:38,CANCELLED,8,709.66
3826,23,2025-04-25 21:47:03,CANCELLED,18,174.06
3827,360,2023-11-10 09:31:29,COMPLETED,16,362.31
3828,191,2024-07-28 12:25:32,CANCELLED,9,424.55
3829,387,2025-03-21 13:52:09,REFUNDED,1,812.81
3830,57,2025-06-14 10:33:05,CANCELLED,17,736.38
3831,124,2023-11-09 05:17:56,COMPLETED,10,574.99
3832,28,2025-08-25 13:58:12,COMPLETED,11,863.75
3833,166,2023-03-28 00:56:26,COMPLETED,24,597.42
3834,5,2024-09-30 02:27:13,PENDING,9,723.64
3835,342,2025-07-30 01:50:49,COMPLETED,3,264.65
3836,185,2024-11-29 12:02:56,REFUNDED,19,282.06
3837,389,2025-08-06 17:32:29,CANCELLED,2,368.20
3838,377,2024-10-26 00:33:26,COMPLETED,9,683.15
3839,13,2023-05-26 02:12:57,COMPLETED,2,343.34
3840,241,2023-01-28 15:01:15,PENDING,10,282.13
3841,240,2024-09-17 21:44:27,CANCELLED,6,63.30
3842,65,2023-06-01 06:02:40,PENDING,21,666.65
3843,96,2025-03-06 03:47:42,PENDING,1,541.77
3844,211,2024-09-22 02:54:03,CANCELLED,7,849.19
3845,99,2025-01-25 19:05:08,COMPLETED,14,533.43
3846,308,2025-03-29 23:54:32,COMPLETED,25,27.70
3847,104,2025-01-23 11:34:05,COMPLETED,9,253.74
3848,313,2023-01-29 00:54:04,PENDING,2,235.11
3849,469,2024-09-27 01:43:41,CANCELLED,1,140.34
3850,376,2025-04-03 18:22:58,COMPLETED,23,829.95
3851,493,2025-01-08 03:52:31,COMPLETED,1,35.05
3852,493,2024-01-23 17:19:55,COMPLETED,11,32.78
3853,122,2023-04-08 07:01:01,REFUNDED,14,618.70
3854,463,2023-09-20 21:23:47,REFUNDED,14,543.46
3855,332,2024-11-13 04:52:21,COMPLETED,20,190.22
3856,2,2023-09-14 20:36:53,COMPLETED,18,485.79
3857,295,2025-03-03 07:33:58,COMPLETED,11,690.98
3858,2899,2025-01-16 04:42:23,REFUNDED,24,605.81
3859,233,2025-08-27 02:48:26,COMPLETED,7,88.41
3860,113,2023-02-17 16:59:22,PENDING,23,764.90
3861,402,2024-09-10 23:18:06,CANCELLED,4,731.51
3862,456,2025-04-05 01:44:29,COMPLETED,22,35.74
3863,381,2024-12-02 20:23:27,COMPLETED,7,183.26
3864,161,2023-09-22 06:31:47,REFUNDED,9,103.57
3865,3,2025-07-23 23:47:23,COMPLETED,17,457.52
3866,405,2023-04-04 12:18:36,COMPLETED,24,473.71
3867,155,2023-07-01 04:49:16,COMPLETED,14,73.19
3868,105,2024-08-16 13:52:01,PENDING,23,138.46
3869,55,2025-01-09 21:25:55,REFUNDED,11,404.49
3870,358,2023-04-29 18:16:04,REFUNDED,16,734.36
3871,446,2023-11-05 13:48:05,COMPLETED,10,525.59
3872,238,2024-12-27 10:40:19,COMPLETED,17,385.41
3873,180,2023-03-22 22:12:14,COMPLETED,20,491.39
3874,209,2023-01-31 07:20:35,COMPLETED,4,391.56
3875,373,2025-06-30 12:40:21,REFUNDED,11,695.04
3876,393,2023-04-30 03:19:37,CANCELLED,22,474.45
3877,147,2023-11-17 20:27:07,COMPLETED,12,319.09
3878,249,2023-12-29 09:26:08,COMPLETED,15,68.57
3879,69,2024-05-07 13:51:50,COMPLETED,11,291.27
3880,423,2024-02-29 03:30:26,COMPLETED,9,438.05
3881,343,2024-04-29 01:37:09,COMPLETED,2,416.48
3882,271,2023-09-19 01:42:01,COMPLETED,19,149.80
3883,428,2023-02-21 02:08:37,COMPLETED,7,175.31
3884,307,2024-05-03 09:12:52,CANCELLED,2,506.42
3885,411,2023-02-06 18:28:37,REFUNDED,12,631.07
3886,435,2023-10-24 04:24:12,COMPLETED,17,87.60
3887,12,2025-06-22 09:12:25,COMPLETED,16,510.01
3888,378,2023-05-10 02:39:29,PENDING,12,623.42
3889,294,2023-07-29 09:04:26,CANCELLED,4,550.84
3890,442,2024-09-16 15:55:59,CANCELLED,13,575.29
3891,360,2024-10-07 11:18:14,REFUNDED,3,744.53
3892,88,2023-10-25 06:09:07,PENDING,20,819.74
3893,425,2024-06-17 11:55:51,COMPLETED,20,136.69
3894,203,2024-07-16 05:11:52,COMPLETED,20,380.71
3895,266,2025-09-03 20:49:10,CANCELLED,12,283.81
3896,45,2025-07-06 06:21:42,PENDING,3,326.11
3897,167,2024-07-20 20:20:54,COMPLETED,4,350.67
3898,285,2023-05-03 23:52:14,PENDING,7,638.73
3899,185,2024-12-19 08:41:00,REFUNDED,22,752.92
3900,398,2023-11-19 09:58:22,COMPLETED,3,783.31
3901,128,2025-03-14 09:34:17,PENDING,11,864.77
3902,16,2023-08-23 11:13:46,COMPLETED,6,731.33
3903,135,2025-01-06 11:15:58,REFUNDED,0,114.76
3904,16,2023-02-01 00:16:56,CANCELLED,13,779.99
3905,317,2025-04-27 14:42:13,CANCELLED,6,475.84
3906,427,2025-01-24 01:15:10,PENDING,17,897.88
3907,197,2025-06-29 22:21:56,PENDING,18,897.87
3908,52,2023-07-11 01:48:58,REFUNDED,7,35.25
3909,453,2023-02-13 18:30:48,REFUNDED,3,789.00
3910,46,2023-08-13 02:05:07,CANCELLED,16,535.06
3911,130,2024-05-06 07:45:36,COMPLETED,2,610.64
3912,143,2025-01-03 20:13:43,COMPLETED,24,230.51
3913,290,2023-09-01 11:15:03,COMPLETED,11,524.45
3914,497,2023-01-09 01:44:40,REFUNDED,7,101.18
3915,189,2023-03-16 16:07:20,REFUNDED,20,92.08
3916,460,2024-04-24 00:49:10,COMPLETED,19,399.47
3917,455,2024-02-27 20:37:40,COMPLETED,18,193.39
3918,33,2025-06-09 17:32:21,CANCELLED,6,240.58
3919,106,2023-12-11 00:40:54,COMPLETED,5,472.46
3920,346,2024-08-15 05:43:00,REFUNDED,24,288.26
3921,144,2025-01-24 14:00:39,COMPLETED,19,469.67
3922,334,2024-11-03 05:14:36,CANCELLED,20,734.63
3923,284,2025-06-23 04:30:40,COMPLETED,3,607.45
3924,89,2023-03-10 19:17:51,PENDING,21,6.58
3925,155,2023-04-07 21:59:25,REFUNDED,10,742.24
3926,238,2024-03-03 03:47:46,REFUNDED,13,30.13
3927,373,2023-10-26 18:46:14,COMPLETED,11,653.32
3928,119,2024-06-18 20:35:14,REFUNDED,5,887.01
3929,394,2024-11-07 00:28:59,COMPLETED,18,836.82
3930,407,2024-04-09 00:43:15,COMPLETED,13,237.93
3931,67,2024-11-10 13:59:26,COMPLETED,25,590.60
3932,125,2025-03-15 16:03:34,PENDING,19,140.96
3933,299,2025-07-21 05:50:37,REFUNDED,0,448.18
3934,19,2025-05-10 00:11:18,REFUNDED,19,699.93
3935,224,2024-06-02 10:15:40,REFUNDED,8,563.24
3936,62,2024-08-28 16:06:49,PENDING,16,347.58
3937,49,2023-01-25 02:07:44,PENDING,4,295.08
3938,119,2023-02-10 09:50:08,COMPLETED,3,636.88
3939,145,2023-01-18 20:15:07,REFUNDED,20,251.27
3940,467,2024-09-18 03:50:44,CANCELLED,16,667.13
3941,308,2025-06-18 02:24:16,COMPLETED,10,801.74
3942,138,2024-05-31 11:28:03,COMPLETED,15,450.77
3943,473,2024-07-30 12:21:17,COMPLETED,22,219.05
3944,207,2024-04-28 01:05:17,PENDING,3,71.93
3945,296,2024-12-18 10:56:17,COMPLETED,2,169.34
3946,124,2024-12-22 19:05:19,REFUNDED,3,427.24
3947,221,2023-07-29 02:19:22,REFUNDED,20,755.34
3948,234,2024-01-26 09:12:24,COMPLETED,24,243.38
3949,163,2025-02-02 11:05:05,COMPLETED,24,852.61
3950,222,2024-12-02 03:57:21,CANCELLED,12,559.52
3951,97,2023-04-05 21:54:46,COMPLETED,25,254.14
3952,74,2023-05-08 23:39:12,COMPLETED,24,141.33
3953,209,2023-11-20 21:17:05,COMPLETED,12,648.02
3954,63,2025-08-12 02:50:32,REFUNDED,4,631.94
3955,38,2024-10-07 03:08:28,COMPLETED,13,699.06
3956,101,2025-07-07 04:13:46,CANCELLED,3,477.51
3957,184,2023-03-01 02:54:41,CANCELLED,16,625.67
3958,347,2023-12-03 18:04:18,COMPLETED,17,839.08
3959,293,2023-09-15 04:01:10,COMPLETED,9,850.47
3960,217,2023-12-06 09:35:15,COMPLETED,7,656.35
3961,220,2025-05-19 01:43:53,COMPLETED,14,142.66
3962,466,2024-03-05 17:13:19,REFUNDED,21,482.27
3963,357,2025-07-28 10:00:05,CANCELLED,25,226.03
3964,120,2023-01-20 22:50:47,COMPLETED,11,891.97
3965,262,2023-02-05 16:11:22,REFUNDED,5,258.42
3966,70,2023-03-24 16:35:10,COMPLETED,1,358.29
3967,391,2023-11-02 05:29:50,COMPLETED,9,636.14
3968,370,2025-03-16 04:49:13,COMPLETED,17,611.04
3969,173,2023-09-08 01:09:55,COMPLETED,8,398.35
3970,84,2025-05-15 10:53:59,COMPLETED,5,579.10
3971,268,2023-05-07 04:54:53,COMPLETED,16,656.27
3972,382,2025-09-03 17:24:13,COMPLETED,12,642.79
3973,278,2024-11-15 13:37:12,CANCELLED,25,321.41
3974,480,2025-02-15 17:04:30,COMPLETED,19,122.21
3975,63,2024-02-19 07:37:09,COMPLETED,-1,196.98
3976,205,2024-12-10 21:03:29,COMPLETED,23,481.38
3977,52,2023-09-26 08:15:26,COMPLETED,6,853.70
3978,315,2024-10-14 04:32:41,COMPLETED,21,466.84
3979,234,2023-03-08 20:14:24,REFUNDED,23,259.44
3980,308,2025-01-20 13:27:13,PENDING,19,230.16
3981,132,2025-04-25 07:01:40,CANCELLED,12,460.63
3982,43,2024-05-21 07:44:32,CANCELLED,20,394.73
3983,252,2023-07-16 09:56:39,CANCELLED,8,480.37
3984,352,2025-01-08 20:15:36,COMPLETED,20,294.16
3985,149,2024-04-26 10:53:41,COMPLETED,4,250.23
3986,458,2025-04-22 18:18:00,PENDING,8,613.29
3987,51,2025-06-13 16:58:00,COMPLETED,21,49.18
3988,8,2025-05-26 11:02:42,REFUNDED,5,437.08
3989,286,2024-05-30 02:54:13,COMPLETED,12,497.77
3990,81,2024-10-15 17:27:02,COMPLETED,10,423.31
3991,394,2023-11-18 07:45:40,PENDING,5,810.49
3992,210,2024-01-02 01:55:00,REFUNDED,18,164.93
3993,231,2023-04-18 19:36:41,COMPLETED,5,897.02
3994,324,2024-11-18 03:36:06,PENDING,11,757.59
3995,298,2023-07-06 23:39:21,PENDING,5,56.98
3996,268,2024-10-13 23:28:37,COMPLETED,13,229.41
3997,47,2024-06-06 08:23:03,REFUNDED,22,95.43
3998,287,2025-09-12 00:18:34,REFUNDED,19,344.77
3999,443,2023-08-26 11:09:39,PENDING,14,79.71
4000,395,2025-08-18 13:22:18,REFUNDED,17,285.27
4001,207,2023-07-05 15:37:14,COMPLETED,6,604.17
4002,208,2024-05-10 03:22:06,COMPLETED,10,213.35
4003,135,2023-03-01 15:33:14,COMPLETED,12,71.77
4004,103,2025-02-09 11:32:41,COMPLETED,24,526.73
4005,32,2025-08-27 10:51:49,COMPLETED,17,430.52
4006,282,2023-09-15 00:39:47,REFUNDED,19,888.65
4007,229,2023-02-10 23:31:30,COMPLETED,14,855.64
4008,377,2025-07-02 07:46:36,COMPLETED,2,817.63
4009,369,2025-06-10 05:52:02,COMPLETED,7,656.31
4010,215,2023-07-19 17:50:36,CANCELLED,23,196.45
4011,364,2023-07-09 17:28:14,PENDING,24,305.00
4012,77,2024-09-07 05:03:47,CANCELLED,17,154.38
4013,428,2024-06-02 02:11:46,COMPLETED,7,675.13
4014,126,2025-07-05 18:58:06,COMPLETED,6,568.09
4015,233,2023-04-06 04:28:39,REFUNDED,24,308.06
4016,50,2023-03-19 17:17:32,COMPLETED,6,227.41
4017,370,2025-06-08 11:43:47,CANCELLED,3,107.80
4018,376,2024-12-30 00:25:38,CANCELLED,6,180.96
4019,418,2023-03-29 00:58:20,COMPLETED,12,190.93
4020,345,2024-06-02 04:48:59,COMPLETED,18,667.48
4021,207,2025-01-28 02:41:37,REFUNDED,22,830.18
4022,365,2024-06-29 11:56:19,PENDING,11,84.67
4023,473,2023-06-25 19:44:13,REFUNDED,2,557.49
4024,389,2023-12-14 01:52:24,PENDING,9,275.22
4025,252,2023-12-31 12:56:32,COMPLETED,21,791.82
4026,210,2024-03-25 08:39:34,COMPLETED,14,543.22
4027,177,2025-04-27 23:20:44,PENDING,6,94.85
4028,305,2025-05-04 11:19:28,COMPLETED,13,450.70
4029,444,2023-02-24 16:02:42,COMPLETED,13,692.80
4030,25,2025-03-06 04:53:24,REFUNDED,21,459.57
4031,27,2024-12-07 12:26:59,CANCELLED,24,591.72
4032,332,2023-08-04 18:11:55,REFUNDED,9,490.55
4033,376,2024-06-09 15:17:12,CANCELLED,11,502.59
4034,22,2025-03-01 03:06:23,PENDING,20,457.73
4035,44,2025-08-19 22:03:28,COMPLETED,8,448.78
4036,243,2023-01-04 19:09:50,COMPLETED,5,178.87
4037,376,2024-11-10 01:29:18,COMPLETED,17,798.61
4038,246,2023-03-16 18:57:40,PENDING,2,182.31
4039,384,2025-04-09 11:30:33,COMPLETED,21,537.10
4040,124,2023-05-19 11:31:33,REFUNDED,18,302.75
4041,292,2023-10-22 17:24:13,COMPLETED,22,804.06
4042,74,2024-05-07 17:04:03,COMPLETED,5,40.21
4043,12,2023-04-13 02:03:45,PENDING,20,40.16
4044,349,2025-08-12 23:20:48,COMPLETED,11,63.08
4045,265,2023-08-28 00:59:03,COMPLETED,4,225.65
4046,331,2024-01-09 23:32:28,CANCELLED,24,855.39
4047,207,2024-01-17 06:01:50,COMPLETED,2,606.53
4048,372,2023-07-16 11:53:22,PENDING,25,66.43
4049,463,2023-02-15 00:44:05,COMPLETED,1,617.45
4050,370,2025-07-02 13:58:36,COMPLETED,19,351.01
4051,71,2025-04-19 00:29:05,PENDING,23,368.89
4052,235,2025-06-13 07:32:37,REFUNDED,13,20.08
4053,422,2023-11-22 20:35:36,PENDING,7,392.68
4054,286,2024-08-06 06:51:58,COMPLETED,22,881.43
4055,92,2024-11-21 13:33:43,COMPLETED,16,828.29
4056,293,2024-05-12 06:55:48,REFUNDED,12,889.21
4057,10,2024-08-30 02:05:43,COMPLETED,24,843.09
4058,296,2025-04-03 02:04:03,COMPLETED,19,448.35
4059,23,2023-12-25 03:44:28,COMPLETED,13,714.63
4060,341,2023-06-30 22:36:09,COMPLETED,2,724.35
4061,407,2025-04-04 20:21:55,COMPLETED,10,448.54
4062,444,2024-03-11 12:56:40,PENDING,11,849.29
4063,189,2025-09-26 23:05:08,CANCELLED,17,55.38
4064,26,2024-01-15 02:43:41,PENDING,21,242.70
4065,116,2024-01-19 16:27:33,COMPLETED,-1,61.26
4066,200,2023-11-26 20:48:15,COMPLETED,22,328.72
4067,94,2023-04-21 02:17:50,CANCELLED,-1,800.10
4068,278,2024-08-24 00:00:51,REFUNDED,2,201.36
4069,331,2023-07-29 11:44:53,PENDING,11,527.71
4070,384,2025-05-04 07:11:30,COMPLETED,18,450.95
4071,262,2023-12-05 11:01:44,COMPLETED,8,153.87
4072,307,2024-04-11 10:23:32,REFUNDED,3,636.73
4073,416,2023-02-11 04:32:52,COMPLETED,9,358.22
4074,292,2024-10-28 02:21:08,COMPLETED,25,29.77
4075,66,2023-04-06 07:21:42,PENDING,10,799.33
4076,63,2023-10-10 13:37:45,COMPLETED,12,335.86
4077,110,2023-06-22 03:35:33,COMPLETED,7,414.61
4078,178,2023-12-06 03:12:58,COMPLETED,22,311.41
4079,196,2024-11-18 17:24:30,CANCELLED,23,60.77
4080,159,2025-09-07 10:20:08,COMPLETED,11,649.24
4081,18,2024-01-08 03:17:27,PENDING,11,682.55
4082,218,2024-04-11 15:51:23,CANCELLED,6,747.36
4083,289,2023-09-01 23:36:14,REFUNDED,14,734.99
4084,318,2024-04-21 09:55:30,COMPLETED,20,575.18
4085,6318,2024-04-15 04:36:37,CANCELLED,2,870.37
4086,236,2024-01-29 14:33:14,PENDING,16,169.35
4087,130,2023-01-14 03:58:23,REFUNDED,24,618.83
4088,238,2025-08-11 04:57:53,REFUNDED,16,20.79
4089,118,2025-04-13 13:57:32,PENDING,11,343.13
4090,411,2023-11-25 09:34:55,PENDING,18,307.70
4091,365,2023-12-23 09:15:09,COMPLETED,23,433.96
4092,198,2023-05-16 09:16:45,COMPLETED,10,219.53
4093,367,2023-11-30 21:35:42,COMPLETED,11,508.94
4094,23,2023-05-25 07:12:25,REFUNDED,19,803.62
4095,226,2024-12-13 00:30:19,COMPLETED,19,617.35
4096,362,2025-08-02 05:41:38,COMPLETED,13,723.32
4097,247,2023-10-07 07:37:43,COMPLETED,4,230.30
4098,115,2025-01-06 07:15:38,CANCELLED,6,797.20
4099,310,2023-04-11 08:25:16,COMPLETED,1,23.62
4100,235,2024-04-22 20:23:10,COMPLETED,4,289.48
4101,116,2024-08-19 01:08:29,CANCELLED,13,554.35
4102,12,2025-04-05 03:16:38,REFUNDED,11,59.26
4103,37,2024-03-11 06:42:28,COMPLETED,25,681.12
4104,167,2023-02-09 09:00:12,COMPLETED,9,599.35
4105,163,2025-07-08 05:57:31,COMPLETED,2,745.70
4106,58,2024-12-02 20:49:42,COMPLETED,7,648.12
4107,50,2024-09-11 14:56:42,COMPLETED,4,399.99
4108,482,2025-01-18 22:15:41,CANCELLED,21,611.11
4109,250,2024-10-23 08:47:33,REFUNDED,11,42.74
4110,370,2023-03-27 09:55:13,COMPLETED,0,737.56
4111,89,2025-01-14 09:17:14,COMPLETED,13,386.10
4112,136,2023-02-18 16:57:25,COMPLETED,5,536.08
4113,429,2024-10-01 16:48:32,COMPLETED,21,699.65
4114,475,2024-10-02 16:51:52,CANCELLED,19,533.04
4115,260,2023-01-21 09:50:52,COMPLETED,20,213.30
4116,106,2024-07-21 22:27:05,COMPLETED,16,852.15
4117,461,2024-11-24 06:27:38,PENDING,1,508.82
4118,403,2024-05-27 22:35:41,REFUNDED,4,707.40
4119,20,2024-05-02 00:42:24,PENDING,18,557.20
4120,486,2023-08-26 21:00:27,CANCELLED,22,185.11
4121,120,2023-09-21 08:33:25,COMPLETED,3,754.35
4122,357,2023-02-10 19:13:30,COMPLETED,22,261.54
4123,241,2023-06-24 00:42:40,PENDING,12,611.57
4124,344,2023-12-08 19:57:18,PENDING,14,217.14
4125,329,2023-05-27 10:26:57,CANCELLED,10,167.49
4126,273,2024-12-10 17:22:25,CANCELLED,13,887.64
4127,15,2025-06-08 10:17:49,PENDING,16,649.03
4128,472,2025-08-02 11:29:24,REFUNDED,5,778.02
4129,187,2023-11-03 20:12:39,COMPLETED,16,698.11
4130,402,2023-11-29 19:15:58,COMPLETED,15,744.27
4131,22,2023-06-06 16:14:03,COMPLETED,2,266.15
4132,40,2023-02-20 12:55:12,COMPLETED,8,710.09
4133,312,2025-06-07 05:10:46,COMPLETED,12,737.10
4134,479,2024-12-16 22:20:55,COMPLETED,21,761.25
4135,468,2024-12-06 07:57:24,COMPLETED,24,804.10
4136,238,2024-09-22 08:03:11,CANCELLED,13,314.51
4137,84,2024-03-01 23:23:43,REFUNDED,13,794.26
4138,97,2023-07-06 18:32:52,CANCELLED,18,167.25
4139,386,2024-12-09 07:30:18,CANCELLED,7,399.30
4140,339,2024-03-19 15:18:26,COMPLETED,8,347.74
4141,53,2024-07-01 18:34:51,COMPLETED,11,333.59
4142,21,2023-01-22 00:28:53,CANCELLED,17,795.30
4143,29,2024-09-19 03:36:54,COMPLETED,23,661.84
4144,400,2023-02-04 13:06:45,CANCELLED,23,175.45
4145,358,2025-04-12 04:17:25,PENDING,6,814.48
4146,460,2024-02-07 19:09:13,COMPLETED,19,91.81
4147,69,2024-09-16 07:31:54,PENDING,19,426.61
4148,361,2023-03-28 14:18:02,COMPLETED,3,550.63
4149,34,2023-02-08 12:00:12,PENDING,13,500.24
4150,363,2023-01-30 02:00:40,REFUNDED,20,20.12
4151,78,2023-10-31 04:09:08,COMPLETED,21,466.78
4152,263,2024-09-08 11:40:31,PENDING,6,64.76
4153,288,2024-03-13 15:41:24,COMPLETED,16,787.02
4154,256,2024-10-02 14:31:16,CANCELLED,25,558.17
4155,337,2024-04-08 11:21:44,PENDING,20,138.17
4156,416,2024-11-08 20:33:21,COMPLETED,24,778.33
4157,489,2025-08-06 21:43:02,COMPLETED,12,488.08
4158,31,2025-03-28 08:18:04,COMPLETED,23,444.97
4159,426,2023-09-25 20:40:04,COMPLETED,24,412.52
4160,21,2025-08-07 01:47:21,PENDING,24,463.78
4161,458,2023-03-17 18:31:22,REFUNDED,3,740.10
4162,414,2024-06-23 03:16:24,COMPLETED,4,790.61
4163,281,2025-06-16 15:19:41,PENDING,11,431.32
4164,95,2025-07-03 20:50:15,REFUNDED,9,154.72
4165,106,2023-12-27 20:47:38,COMPLETED,25,578.93
4166,209,2025-03-20 00:42:14,COMPLETED,16,725.08
4167,358,2023-12-24 19:28:57,COMPLETED,7,353.81
4168,121,2024-09-07 13:32:07,COMPLETED,4,735.41
4169,411,2024-10-05 18:32:40,COMPLETED,4,669.76
4170,7,2025-03-08 20:41:11,PENDING,2,80.78
4171,285,2023-10-12 04:39:14,PENDING,3,57.72
4172,69,2023-01-17 00:25:40,COMPLETED,22,347.27
4173,403,2023-09-17 08:21:48,REFUNDED,5,604.83
4174,222,2023-03-04 21:25:10,PENDING,14,505.96
4175,55,2023-10-30 23:55:08,COMPLETED,5,674.29
4176,214,2025-01-14 03:14:42,PENDING,23,416.18
4177,461,2025-05-02 14:55:22,COMPLETED,4,864.44
4178,256,2025-06-05 11:00:38,COMPLETED,11,475.33
4179,17,2024-06-13 14:07:28,COMPLETED,12,439.19
4180,39,2025-09-11 21:13:46,REFUNDED,1,537.16
4181,134,2023-12-16 20:43:39,PENDING,19,257.34
4182,386,2025-03-20 20:52:47,COMPLETED,23,619.28
4183,302,2025-05-20 12:28:44,PENDING,21,597.89
4184,21,2024-09-23 05:46:58,COMPLETED,11,474.49
4185,318,2023-07-19 01:19:09,REFUNDED,9,858.80
4186,392,2024-09-03 16:05:33,COMPLETED,24,864.64
4187,402,2025-09-13 07:23:11,CANCELLED,17,775.09
4188,211,2023-10-14 23:53:48,PENDING,24,512.05
4189,306,2025-06-14 12:46:10,REFUNDED,3,661.24
4190,169,2024-01-27 10:58:18,COMPLETED,21,327.62
4191,164,2023-07-01 10:31:28,REFUNDED,11,470.06
4192,270,2025-07-05 16:20:03,PENDING,24,246.39
4193,78,2023-03-01 09:58:42,REFUNDED,13,618.00
4194,211,2025-09-23 13:13:08,PENDING,13,657.46
4195,200,2023-12-15 08:51:33,COMPLETED,2,522.77
4196,247,2024-03-14 11:54:23,COMPLETED,20,274.18
4197,441,2023-10-04 03:27:01,COMPLETED,22,603.17
4198,206,2024-04-11 21:24:18,COMPLETED,14,159.98
4199,40,2025-03-27 14:09:57,COMPLETED,21,225.99
4200,32,2025-04-29 17:12:28,REFUNDED,13,153.45
4201,225,2023-03-07 05:46:23,CANCELLED,8,199.09
4202,298,2025-09-21 04:52:13,CANCELLED,2,778.52
4203,331,2025-02-15 21:45:10,REFUNDED,11,189.66
4204,418,2024-11-21 03:27:42,COMPLETED,10,339.56
4205,479,2023-11-19 01:46:09,COMPLETED,9,293.73
4206,201,2025-08-23 09:41:52,COMPLETED,18,75.85
4207,308,2023-10-19 21:01:45,CANCELLED,14,288.24
4208,23,2023-04-14 23:19:35,CANCELLED,12,386.50
4209,465,2025-01-18 09:23:11,COMPLETED,13,595.26
4210,236,2025-01-02 17:19:19,COMPLETED,7,52.25
4211,4925,2023-04-02 18:46:29,PENDING,11,170.08
4212,313,2024-05-02 12:50:05,COMPLETED,17,804.83
4213,126,2023-12-06 00:12:54,COMPLETED,21,661.41
4214,49,2025-03-18 14:13:23,CANCELLED,15,597.51
4215,321,2023-05-23 02:55:38,PENDING,13,514.46
4216,342,2023-08-05 05:45:36,COMPLETED,25,613.65
4217,13,2023-10-06 04:43:18,PENDING,19,893.58
4218,418,2025-09-16 06:26:51,COMPLETED,15,193.32
4219,462,2024-07-08 00:59:28,REFUNDED,7,749.49
4220,265,2025-07-03 08:24:17,COMPLETED,10,893.19
4221,270,2023-08-20 11:57:41,COMPLETED,9,246.79
4222,349,2025-03-18 19:30:17,COMPLETED,17,312.99
4223,447,2023-10-26 00:00:15,COMPLETED,12,722.08
4224,58,2025-05-19 07:50:09,CANCELLED,17,262.62
4225,369,2024-08-30 15:58:20,PENDING,4,482.00
4226,350,2024-11-29 03:50:38,PENDING,16,790.19
4227,217,2024-09-05 20:27:24,COMPLETED,18,752.67
4228,276,2025-06-06 18:03:46,REFUNDED,14,93.22
4229,212,2024-12-13 11:00:43,CANCELLED,24,561.88
4230,423,2023-03-18 15:41:41,COMPLETED,19,192.68
4231,422,2023-09-30 17:14:26,CANCELLED,24,678.72
4232,349,2024-08-27 13:51:21,COMPLETED,24,545.16
4233,327,2023-05-23 22:00:13,COMPLETED,14,740.71
4234,424,2023-02-25 10:26:47,PENDING,7,853.29
4235,7308,2023-05-30 12:12:01,COMPLETED,15,104.03
4236,442,2024-02-11 05:41:16,REFUNDED,23,447.34
4237,284,2024-06-30 21:06:46,COMPLETED,12,537.65
4238,11,2025-02-07 12:49:35,PENDING,7,429.48
4239,276,2023-10-26 20:47:35,REFUNDED,2,200.84
4240,125,2023-04-29 12:09:37,PENDING,10,546.63
4241,460,2025-07-20 10:15:03,CANCELLED,16,899.68
4242,310,2023-11-22 13:58:29,COMPLETED,4,211.24
4243,408,2023-11-08 13:42:05,CANCELLED,18,9.05
4244,298,2024-03-19 06:55:38,REFUNDED,15,530.31
4245,74,2023-12-07 14:52:21,CANCELLED,25,600.56
4246,116,2024-02-28 16:58:51,PENDING,8,626.02
4247,183,2024-08-24 05:38:10,COMPLETED,9,327.61
4248,299,2025-08-29 01:08:33,COMPLETED,23,551.64
4249,193,2023-05-18 08:20:26,COMPLETED,24,131.78
4250,300,2025-04-16 08:21:41,COMPLETED,-1,747.71
4251,162,2024-01-27 09:33:56,PENDING,-1,858.50
4252,126,2023-02-20 03:39:21,COMPLETED,14,822.37
4253,335,2023-06-11 03:39:20,REFUNDED,23,112.93
4254,25,2023-11-18 22:01:38,PENDING,15,690.33
4255,357,2023-05-18 19:45:48,CANCELLED,14,312.55
4256,445,2023-11-04 20:08:00,REFUNDED,9,889.78
4257,291,2023-11-07 01:44:24,CANCELLED,23,422.51
4258,459,2024-02-02 01:28:38,COMPLETED,11,392.30
4259,21,2023-06-02 14:28:22,CANCELLED,17,559.58
4260,332,2024-02-28 21:00:20,COMPLETED,12,12.92
4261,234,2023-11-20 03:38:20,CANCELLED,25,346.97
4262,302,2024-11-26 09:56:11,COMPLETED,17,419.49
4263,404,2024-05-08 23:58:05,COMPLETED,11,753.38
4264,479,2024-06-30 02:13:33,COMPLETED,1,234.90
4265,162,2025-02-12 14:50:57,COMPLETED,25,203.40
4266,55,2025-07-24 17:11:34,REFUNDED,18,77.87
4267,437,2023-02-16 14:07:59,REFUNDED,19,531.17
4268,440,2025-06-08 22:57:59,PENDING,7,432.02
4269,442,2023-08-12 06:37:16,COMPLETED,16,518.54
4270,208,2023-12-11 12:50:46,COMPLETED,17,717.53
4271,309,2023-08-09 08:10:18,COMPLETED,17,498.06
4272,146,2024-07-13 05:20:26,COMPLETED,20,574.00
4273,485,2025-07-24 16:33:47,PENDING,6,899.77
4274,413,2023-10-01 21:42:41,COMPLETED,6,798.62
4275,279,2023-05-09 08:34:56,COMPLETED,15,31.85
4276,481,2023-05-08 07:35:17,COMPLETED,23,731.08
4277,109,2025-01-11 12:28:11,PENDING,2,780.03
4278,289,2023-08-02 09:27:46,COMPLETED,11,612.97
4279,489,2024-02-01 11:38:39,COMPLETED,8,603.51
4280,290,2024-08-02 11:09:06,PENDING,23,688.40
4281,80,2023-05-28 08:23:14,PENDING,21,772.65
4282,161,2023-02-11 04:15:27,COMPLETED,20,594.66
4283,364,2023-02-17 07:43:39,PENDING,13,239.87
4284,74,2024-04-03 21:32:16,CANCELLED,17,535.01
4285,151,2025-08-31 09:47:37,COMPLETED,14,61.51
4286,149,2023-05-14 06:16:45,COMPLETED,19,264.89
4287,234,2025-08-07 15:59:26,COMPLETED,22,480.70
4288,64,2025-08-17 04:13:37,PENDING,10,166.09
4289,94,2023-01-05 04:46:52,COMPLETED,10,720.86
4290,130,2023-07-16 11:11:56,COMPLETED,13,664.13
4291,122,2024-11-18 07:10:58,COMPLETED,17,434.72
4292,262,2024-09-24 02:40:43,PENDING,7,804.88
4293,182,2023-05-15 15:25:30,PENDING,5,369.56
4294,33,2025-06-03 14:48:25,CANCELLED,7,176.27
4295,208,2025-08-19 06:15:04,COMPLETED,8,280.24
4296,259,2025-03-13 17:33:41,PENDING,19,106.22
4297,94,2024-12-02 12:57:09,CANCELLED,10,820.72
4298,251,2024-04-16 15:40:28,COMPLETED,3,857.76
4299,497,2024-06-28 19:49:00,REFUNDED,12,825.80
4300,292,2023-11-12 07:14:19,PENDING,14,127.21
4301,306,2023-11-27 16:14:04,COMPLETED,11,650.60
4302,263,2024-09-05 22:23:49,COMPLETED,15,652.62
4303,305,2024-10-25 02:43:30,CANCELLED,6,665.66
4304,408,2025-01-13 15:37:06,REFUNDED,7,106.66
4305,202,2024-11-17 19:05:22,PENDING,22,210.09
4306,199,2023-12-23 16:35:55,COMPLETED,10,200.07
4307,29,2023-08-31 02:50:24,CANCELLED,22,874.99
4308,183,2025-04-30 13:18:15,REFUNDED,20,898.11
4309,89,2023-11-17 13:46:23,COMPLETED,18,799.62
4310,242,2025-04-16 17:41:53,REFUNDED,24,259.42
4311,443,2025-09-03 00:52:41,CANCELLED,3,151.02
4312,451,2025-01-26 11:13:48,REFUNDED,3,702.96
4313,132,2024-12-02 00:57:53,COMPLETED,1,164.95
4314,414,2025-09-08 14:52:44,COMPLETED,23,582.10
4315,98,2024-09-07 21:07:30,CANCELLED,21,384.17
4316,140,2024-05-03 01:21:42,CANCELLED,24,113.68
4317,411,2024-05-26 22:19:44,REFUNDED,19,323.92
4318,303,2025-03-26 00:59:08,REFUNDED,13,133.69
4319,286,2025-05-05 11:10:15,CANCELLED,4,484.90
4320,17,2023-01-29 08:49:29,PENDING,5,234.48
4321,497,2024-11-17 05:05:53,COMPLETED,1,203.27
4322,405,2024-08-25 06:00:13,COMPLETED,14,113.97
4323,207,2023-06-02 02:42:26,COMPLETED,22,77.35
4324,273,2025-09-14 04:01:41,PENDING,19,374.13
4325,232,2025-07-20 02:53:44,COMPLETED,25,840.58
4326,338,2023-07-08 22:33:00,CANCELLED,20,39.36
4327,418,2023-10-21 03:05:36,COMPLETED,13,412.04
4328,315,2023-04-10 20:43:41,COMPLETED,1,431.61
4329,221,2023-04-02 17:16:52,PENDING,16,757.72
4330,122,2024-12-25 03:11:40,CANCELLED,23,195.78
4331,17,2024-03-24 18:24:11,COMPLETED,18,592.99
4332,420,2024-09-13 23:41:05,COMPLETED,12,825.43
4333,7696,2025-04-03 06:43:44,COMPLETED,24,825.36
4334,55,2025-07-15 12:30:09,COMPLETED,13,407.00
4335,86,2024-01-28 20:57:26,COMPLETED,8,833.65
4336,70,2023-01-24 09:41:46,COMPLETED,19,710.00
4337,245,2024-09-14 00:31:00,PENDING,7,841.28
4338,110,2025-06-20 11:08:50,PENDING,12,734.26
4339,483,2024-11-25 09:51:42,COMPLETED,12,65.99
4340,91,2023-08-08 14:23:44,CANCELLED,18,146.91
4341,206,2025-01-21 13:18:03,COMPLETED,5,367.24
4342,69,2023-12-21 15:02:23,COMPLETED,25,340.85
4343,260,2023-11-15 23:15:51,COMPLETED,5,335.81
4344,249,2025-08-20 12:42:55,REFUNDED,13,678.70
4345,15,2024-09-03 00:07:06,COMPLETED,1,774.35
4346,12,2024-11-06 19:47:33,COMPLETED,10,864.30
4347,28,2025-04-30 01:33:04,PENDING,14,333.97
4348,464,2025-02-27 04:34:55,COMPLETED,24,258.80
4349,496,2025-01-06 18:16:33,COMPLETED,22,325.34
4350,48,2025-05-01 07:14:49,COMPLETED,2,848.49
4351,92,2024-03-17 20:37:29,COMPLETED,6,339.64
4352,259,2024-07-26 01:29:49,PENDING,4,224.86
4353,20,2025-02-24 11:02:36,PENDING,4,181.81
4354,376,2025-04-12 20:15:28,REFUNDED,22,825.53
4355,207,2024-10-31 13:05:09,COMPLETED,11,760.18
4356,389,2024-10-18 11:28:20,PENDING,18,846.43
4357,92,2023-10-03 10:22:14,COMPLETED,7,475.95
4358,418,2025-06-17 18:36:17,REFUNDED,3,575.73
4359,224,2023-02-11 05:51:18,COMPLETED,0,401.37
4360,190,2024-04-22 03:46:20,COMPLETED,15,172.12
4361,242,2023-10-01 23:10:43,COMPLETED,5,733.71
4362,76,2024-08-08 19:30:59,PENDING,3,553.31
4363,202,2023-07-27 04:29:36,COMPLETED,1,312.00
4364,290,2023-05-09 00:35:26,REFUNDED,11,869.24
4365,430,2025-04-02 07:34:42,PENDING,23,879.65
4366,376,2025-07-14 23:26:15,CANCELLED,9,108.31
4367,56,2024-11-17 10:37:30,COMPLETED,6,643.30
4368,21,2023-02-09 02:09:26,REFUNDED,21,230.96
4369,127,2025-08-22 00:54:10,CANCELLED,18,577.32
4370,237,2023-11-21 07:20:54,PENDING,25,421.59
4371,416,2024-09-15 04:40:17,REFUNDED,5,810.48
4372,164,2023-10-27 02:06:56,COMPLETED,15,519.13
4373,406,2025-04-17 08:21:01,PENDING,9,624.10
4374,451,2024-05-09 01:44:18,COMPLETED,23,664.34
4375,203,2024-01-12 19:17:34,COMPLETED,21,119.84
4376,108,2024-04-29 03:50:46,COMPLETED,10,343.84
4377,37,2024-11-16 07:54:44,COMPLETED,17,92.71
4378,62,2025-06-20 16:36:51,PENDING,23,684.17
4379,479,2023-10-06 19:50:13,REFUNDED,8,172.31
4380,411,2024-08-08 22:52:55,PENDING,22,186.79
4381,346,2024-04-25 04:16:42,REFUNDED,12,397.02
4382,131,2025-04-04 09:15:43,CANCELLED,9,279.38
4383,325,2023-06-19 22:22:53,PENDING,15,762.46
4384,4715,2024-08-26 17:03:48,COMPLETED,3,259.33
4385,335,2023-11-16 13:17:35,PENDING,25,35.72
4386,239,2025-07-09 18:34:46,COMPLETED,4,353.32
4387,167,2025-09-12 06:22:06,COMPLETED,3,159.32
4388,128,2023-03-25 16:47:09,REFUNDED,8,565.37
4389,72,2025-09-11 15:45:25,REFUNDED,2,404.12
4390,350,2023-06-21 11:34:36,COMPLETED,16,649.92
4391,379,2024-11-01 10:05:44,REFUNDED,15,219.16
4392,184,2024-04-24 04:27:17,COMPLETED,23,599.50
4393,179,2024-12-27 15:02:06,COMPLETED,1,680.27
4394,105,2024-03-08 13:07:19,PENDING,7,143.02
4395,170,2023-02-23 13:32:00,PENDING,18,772.90
4396,457,2024-11-16 22:28:18,COMPLETED,18,389.16
4397,15,2024-01-11 10:48:30,COMPLETED,23,528.66
4398,316,2024-10-16 00:56:50,COMPLETED,22,132.11
4399,333,2024-06-24 13:21:54,PENDING,1,89.44
4400,148,2023-12-02 14:41:06,REFUNDED,10,318.98
4401,332,2024-07-10 05:47:14,PENDING,11,488.08
4402,166,2024-10-22 19:12:55,PENDING,23,233.56
4403,465,2025-05-17 22:19:57,PENDING,21,325.88
4404,161,2024-11-13 02:48:13,COMPLETED,2,393.63
4405,4,2024-03-03 09:36:46,REFUNDED,19,335.82
4406,217,2025-09-24 04:23:31,COMPLETED,24,389.94
4407,450,2023-02-14 06:06:30,COMPLETED,2,863.90
4408,465,2024-07-15 00:01:51,COMPLETED,16,179.67
4409,141,2023-05-04 19:43:41,COMPLETED,8,731.89
4410,37,2023-03-01 23:28:10,COMPLETED,4,892.70
4411,372,2023-12-05 20:38:15,COMPLETED,12,873.95
4412,387,2025-05-21 07:54:36,PENDING,4,71.55
4413,383,2025-07-06 15:49:00,COMPLETED,22,683.82
4414,62,2024-11-19 14:17:26,REFUNDED,8,185.37
4415,462,2024-09-18 09:25:38,PENDING,14,228.26
4416,247,2025-05-09 08:34:45,CANCELLED,17,374.28
4417,90,2024-12-10 12:33:30,REFUNDED,23,213.99
4418,123,2023-08-13 00:03:07,CANCELLED,10,444.70
4419,174,2023-08-29 14:31:54,COMPLETED,22,114.88
4420,67,2024-05-01 03:34:38,COMPLETED,8,842.98
4421,346,2023-07-05 18:09:06,COMPLETED,10,445.33
4422,340,2025-04-25 03:53:26,CANCELLED,23,664.86
4423,399,2023-08-15 12:25:27,CANCELLED,18,332.57
4424,303,2024-10-19 03:43:30,PENDING,1,129.39
4425,145,2025-03-16 08:39:26,COMPLETED,7,357.34
4426,460,2025-08-19 03:18:20,COMPLETED,8,682.48
4427,136,2024-02-21 23:32:09,CANCELLED,19,635.45
4428,350,2025-05-18 03:33:08,COMPLETED,20,291.22
4429,402,2025-01-30 12:32:32,CANCELLED,4,873.29
4430,279,2024-02-29 03:47:14,PENDING,23,568.14
4431,251,2024-01-13 02:25:06,COMPLETED,9,757.79
4432,157,2023-02-25 13:32:57,REFUNDED,23,435.36
4433,260,2023-10-13 07:43:07,CANCELLED,3,532.81
4434,236,2025-02-13 00:06:26,CANCELLED,25,177.20
4435,144,2024-11-28 15:51:37,COMPLETED,3,105.89
4436,95,2024-11-24 19:30:26,COMPLETED,3,690.47
4437,143,2025-03-16 18:12:45,PENDING,5,32.26
4438,355,2025-05-04 04:40:10,COMPLETED,24,354.36
4439,445,2023-09-27 10:59:51,PENDING,13,677.71
4440,346,2025-01-26 02:12:40,COMPLETED,14,321.31
4441,295,2023-07-12 20:24:11,REFUNDED,11,380.02
4442,221,2024-06-06 19:05:15,COMPLETED,11,850.60
4443,370,2025-05-21 01:28:15,CANCELLED,4,247.95
4444,233,2024-01-04 14:09:13,COMPLETED,21,316.67
4445,257,2025-05-05 22:56:45,COMPLETED,5,318.23
4446,136,2023-10-12 07:41:27,COMPLETED,1,329.06
4447,460,2025-08-18 10:19:04,REFUNDED,3,395.56
4448,247,2024-06-04 22:34:54,COMPLETED,16,140.79
4449,340,2023-01-21 17:39:47,COMPLETED,13,549.54
4450,448,2025-08-31 02:05:33,REFUNDED,24,802.39
4451,199,2025-03-11 10:25:22,COMPLETED,19,672.19
4452,174,2025-01-24 19:19:26,COMPLETED,22,762.97
4453,463,2024-07-04 22:48:03,REFUNDED,24,492.19
4454,87,2025-05-11 02:19:01,REFUNDED,20,201.61
4455,85,2025-04-22 00:20:13,COMPLETED,2,345.27
4456,31,2025-05-29 11:55:04,REFUNDED,20,106.31
4457,145,2024-03-08 16:00:45,REFUNDED,14,286.71
4458,215,2023-12-02 07:07:17,COMPLETED,19,169.14
4459,244,2023-04-12 00:44:53,REFUNDED,10,727.83
4460,153,2025-07-20 00:56:22,REFUNDED,14,139.42
4461,65,2024-07-27 03:07:18,CANCELLED,21,584.09
4462,294,2023-10-03 18:17:24,COMPLETED,11,256.53
4463,387,2024-07-21 04:21:58,CANCELLED,8,487.28
4464,270,2023-04-22 15:33:39,REFUNDED,17,532.31
4465,50,2023-12-08 14:26:04,CANCELLED,24,865.69
4466,167,2025-02-12 01:40:23,PENDING,21,759.47
4467,316,2024-02-16 09:31:00,REFUNDED,13,341.07
4468,464,2025-04-29 13:12:57,COMPLETED,23,335.11
4469,20,2024-09-15 22:23:45,REFUNDED,1,622.66
4470,370,2025-07-05 22:39:21,COMPLETED,17,407.43
4471,340,2024-03-16 09:33:17,CANCELLED,5,520.88
4472,203,2025-03-05 09:48:43,PENDING,1,596.08
4473,212,2024-03-27 03:21:35,COMPLETED,19,653.44
4474,60,2024-03-24 14:38:49,COMPLETED,6,182.67
4475,153,2023-03-24 04:12:07,PENDING,16,553.00
4476,433,2024-02-21 14:24:50,COMPLETED,13,573.44
4477,300,2024-08-05 21:00:22,PENDING,2,464.64
4478,482,2025-02-12 05:51:19,COMPLETED,14,555.88
4479,234,2024-09-15 02:09:56,COMPLETED,25,46.13
4480,434,2025-02-26 12:44:39,COMPLETED,24,32.92
4481,379,2025-06-11 01:20:48,PENDING,20,474.11
4482,428,2023-11-16 02:37:06,REFUNDED,7,362.05
4483,235,2024-02-03 04:57:43,COMPLETED,2,111.47
4484,313,2023-11-14 16:37:21,REFUNDED,13,355.41
4485,295,2023-06-07 19:18:30,COMPLETED,12,585.17
4486,6,2023-05-03 22:00:01,COMPLETED,4,774.31
4487,74,2025-08-31 10:57:04,CANCELLED,23,377.97
4488,113,2025-07-01 17:23:07,COMPLETED,19,541.95
4489,18,2023-12-19 22:05:15,COMPLETED,14,764.33
4490,439,2024-03-04 07:40:22,COMPLETED,1,338.80
4491,117,2023-02-17 17:52:49,PENDING,7,63.74
4492,300,2024-05-12 09:00:50,CANCELLED,4,678.30
4493,141,2024-03-31 21:27:40,CANCELLED,6,735.22
4494,382,2024-11-08 17:02:30,REFUNDED,3,523.60
4495,235,2025-03-20 07:02:14,CANCELLED,0,822.31
4496,181,2025-05-01 02:50:13,CANCELLED,17,700.06
4497,195,2025-06-01 09:57:15,REFUNDED,22,81.12
4498,451,2023-12-02 12:31:26,CANCELLED,11,410.66
4499,171,2024-02-19 09:13:36,REFUNDED,8,630.09
4500,127,2024-05-20 19:53:42,PENDING,14,843.84
4501,33,2024-05-02 09:03:41,PENDING,15,655.82
4502,285,2025-01-11 21:49:23,COMPLETED,5,663.42
4503,114,2023-11-22 19:27:09,COMPLETED,21,612.69
4504,108,2023-08-04 00:24:55,REFUNDED,15,41.67
4505,44,2023-02-13 17:43:57,COMPLETED,5,397.41
4506,299,2023-01-08 19:19:19,COMPLETED,25,274.33
4507,301,2024-05-26 14:29:45,COMPLETED,5,125.07
4508,32,2023-07-30 15:29:13,COMPLETED,16,852.48
4509,257,2025-02-25 09:06:44,CANCELLED,21,97.59
4510,437,2023-08-27 08:41:15,PENDING,1,537.19
4511,202,2023-03-27 06:01:22,REFUNDED,7,721.81
4512,186,2024-03-27 07:04:44,PENDING,17,704.13
4513,228,2023-04-22 21:39:58,CANCELLED,8,773.10
4514,422,2023-07-12 01:12:00,COMPLETED,13,641.56
4515,209,2024-07-15 23:30:23,REFUNDED,22,138.97
4516,288,2024-09-14 09:00:59,COMPLETED,12,587.36
4517,444,2024-06-07 19:51:30,COMPLETED,14,497.18
4518,332,2023-04-25 15:26:00,CANCELLED,3,55.53
4519,79,2024-07-18 23:00:20,COMPLETED,13,152.75
4520,66,2025-06-21 05:24:49,PENDING,2,75.36
4521,45,2025-05-10 05:02:35,COMPLETED,15,13.33
4522,176,2023-06-14 18:45:23,COMPLETED,25,12.40
4523,171,2024-09-25 00:07:51,COMPLETED,10,406.48
4524,449,2024-03-14 15:42:23,CANCELLED,2,271.97
4525,164,2024-11-30 12:36:53,COMPLETED,1,717.98
4526,88,2025-08-27 21:03:26,COMPLETED,15,658.84
4527,92,2023-11-22 03:14:11,COMPLETED,22,487.71
4528,394,2025-04-25 11:43:49,COMPLETED,5,183.05
4529,9545,2024-11-08 01:16:27,REFUNDED,7,303.24
4530,107,2025-02-25 05:40:25,CANCELLED,7,693.91
4531,34,2025-03-08 11:34:38,PENDING,6,212.39
4532,412,2024-08-07 16:57:24,REFUNDED,24,65.88
4533,6,2023-12-27 00:34:40,COMPLETED,3,573.76
4534,446,2023-02-03 06:29:15,PENDING,23,414.50
4535,2675,2023-01-14 02:28:05,COMPLETED,19,321.77
4536,421,2025-07-19 14:58:06,COMPLETED,5,108.95
4537,216,2025-04-23 15:17:38,PENDING,13,594.83
4538,135,2023-08-17 07:28:36,CANCELLED,23,112.32
4539,372,2023-08-30 00:06:12,COMPLETED,9,508.93
4540,302,2025-01-20 04:05:08,COMPLETED,1,627.51
4541,45,2025-06-21 20:59:29,COMPLETED,10,385.02
4542,84,2025-06-04 22:56:12,CANCELLED,7,373.77
4543,149,2023-10-17 19:11:29,CANCELLED,23,639.64
4544,51,2023-08-25 15:44:18,PENDING,17,553.89
4545,33,2025-06-01 21:12:03,CANCELLED,16,850.86
4546,29,2024-08-21 15:32:26,COMPLETED,11,349.24
4547,406,2024-10-09 20:54:28,PENDING,19,273.13
4548,382,2025-05-23 23:43:35,REFUNDED,25,42.59
4549,463,2025-09-09 14:27:02,COMPLETED,10,817.01
4550,384,2024-07-27 05:13:59,COMPLETED,5,379.71
4551,440,2023-06-11 08:38:29,REFUNDED,11,666.72
4552,408,2023-11-15 02:51:49,PENDING,24,707.00
4553,430,2024-07-14 21:36:31,COMPLETED,8,297.36
4554,241,2025-01-14 09:48:10,CANCELLED,4,624.39
4555,469,2023-11-17 23:31:44,COMPLETED,20,603.65
4556,23,2024-12-13 18:25:04,COMPLETED,16,884.59
4557,133,2024-10-08 21:56:32,CANCELLED,12,323.02
4558,326,2024-07-03 15:28:10,CANCELLED,18,674.39
4559,333,2025-05-07 22:06:57,CANCELLED,5,126.29
4560,498,2024-11-21 06:42:00,PENDING,5,407.37
4561,147,2024-10-28 09:13:42,CANCELLED,3,552.46
4562,248,2025-01-16 12:33:32,COMPLETED,20,800.00
4563,468,2025-07-26 01:48:53,COMPLETED,9,585.98
4564,146,2025-06-05 13:43:02,CANCELLED,23,651.01
4565,106,2025-04-17 17:57:06,CANCELLED,9,76.10
4566,367,2024-08-18 01:06:48,COMPLETED,19,498.22
4567,499,2023-12-13 09:59:53,COMPLETED,1,223.63
4568,2175,2024-04-29 18:35:57,PENDING,1,893.40
4569,26,2024-03-16 09:55:36,CANCELLED,22,135.87
4570,60,2023-12-19 08:47:08,COMPLETED,14,706.76
4571,236,2025-07-06 15:59:06,CANCELLED,17,772.67
4572,139,2023-12-12 13:06:49,CANCELLED,15,653.08
4573,14,2023-03-16 16:18:31,CANCELLED,5,705.55
4574,46,2024-04-06 18:50:19,PENDING,4,468.74
4575,179,2023-04-28 07:47:34,REFUNDED,7,215.22
4576,69,2025-04-25 21:44:39,PENDING,18,757.03
4577,175,2024-03-16 13:32:12,COMPLETED,22,275.08
4578,453,2023-04-15 09:39:43,PENDING,21,657.94
4579,446,2024-06-18 09:23:27,PENDING,4,340.97
4580,200,2024-10-20 03:35:16,REFUNDED,18,230.41
4581,485,2024-02-11 22:06:35,CANCELLED,25,164.62
4582,444,2023-12-26 17:00:25,COMPLETED,9,237.68
4583,109,2024-07-18 19:35:33,COMPLETED,15,218.55
4584,229,2024-02-12 17:43:19,COMPLETED,10,192.37
4585,323,2024-06-05 00:52:24,COMPLETED,18,85.34
4586,472,2024-03-01 07:20:08,REFUNDED,15,87.83
4587,113,2023-02-19 23:58:37,COMPLETED,22,624.46
4588,80,2024-06-22 09:12:35,CANCELLED,5,114.64
4589,33,2024-03-18 16:26:57,COMPLETED,15,756.94
4590,102,2025-09-21 06:11:59,COMPLETED,17,136.75
4591,123,2024-03-16 07:58:30,COMPLETED,6,567.38
4592,208,2025-08-03 16:53:54,REFUNDED,2,694.76
4593,293,2024-10-10 16:34:56,REFUNDED,18,748.91
4594,139,2025-06-08 07:27:55,PENDING,13,111.33
4595,272,2023-07-02 23:53:35,COMPLETED,6,267.90
4596,233,2023-06-16 08:38:56,COMPLETED,15,897.92
4597,195,2024-09-27 15:37:27,CANCELLED,7,533.12
4598,367,2025-04-22 17:04:15,CANCELLED,10,170.59
4599,84,2023-11-03 09:06:38,COMPLETED,2,131.45
4600,51,2023-08-24 18:28:55,COMPLETED,12,296.80
4601,144,2025-08-26 02:33:39,CANCELLED,19,547.08
4602,36,2025-07-30 04:22:19,COMPLETED,20,557.74
4603,113,2023-10-08 09:33:18,COMPLETED,19,188.78
4604,404,2023-05-16 04:21:43,REFUNDED,5,230.18
4605,58,2024-03-08 19:10:38,PENDING,4,99.64
4606,11,2025-05-16 01:19:30,COMPLETED,17,533.24
4607,83,2025-01-16 10:58:34,COMPLETED,21,738.10
4608,339,2025-08-01 00:38:12,COMPLETED,12,848.38
4609,116,2025-04-29 16:20:46,COMPLETED,21,289.62
4610,213,2024-12-29 22:47:22,REFUNDED,8,874.54
4611,219,2024-12-17 22:06:34,COMPLETED,2,703.08
4612,461,2023-05-18 02:16:16,COMPLETED,9,270.67
4613,70,2024-08-24 17:20:40,CANCELLED,2,634.89
4614,165,2024-03-17 14:59:53,REFUNDED,11,449.44
4615,67,2023-04-25 13:52:12,PENDING,19,834.31
4616,58,2025-05-09 21:16:04,COMPLETED,18,581.63
4617,314,2024-02-04 20:26:29,REFUNDED,25,316.49
4618,134,2024-12-01 14:21:29,COMPLETED,21,170.03
4619,295,2024-12-23 16:05:31,REFUNDED,19,307.45
4620,88,2023-09-24 20:23:42,REFUNDED,17,33.68
4621,330,2023-08-05 17:06:45,CANCELLED,3,662.76
4622,112,2025-07-04 01:48:51,PENDING,17,107.73
4623,30,2023-07-02 09:42:36,PENDING,10,74.20
4624,350,2023-10-26 10:53:42,COMPLETED,25,303.63
4625,177,2023-01-06 12:20:32,COMPLETED,13,388.43
4626,175,2024-08-06 05:31:04,CANCELLED,8,559.97
4627,146,2023-02-23 19:39:30,PENDING,1,638.04
4628,277,2023-01-15 05:00:57,REFUNDED,14,518.27
4629,39,2023-01-09 06:04:48,COMPLETED,13,727.79
4630,248,2024-05-15 11:16:33,COMPLETED,7,840.85
4631,375,2024-12-21 10:48:52,COMPLETED,9,544.30
4632,187,2024-04-27 19:46:45,CANCELLED,11,504.24
4633,42,2025-04-27 05:10:38,PENDING,18,383.40
4634,393,2023-03-23 22:29:00,REFUNDED,22,549.20
4635,242,2025-06-30 19:34:26,REFUNDED,12,547.33
4636,82,2025-02-16 14:36:26,REFUNDED,20,487.82
4637,418,2025-04-27 12:02:04,PENDING,21,663.16
4638,66,2025-06-13 12:13:05,PENDING,10,210.01
4639,350,2023-10-04 08:31:37,COMPLETED,18,516.06
4640,314,2023-12-14 18:34:51,PENDING,21,110.80
4641,376,2024-08-03 05:03:58,COMPLETED,10,741.44
4642,290,2023-04-30 20:04:14,PENDING,17,289.00
4643,64,2023-11-07 22:12:54,REFUNDED,20,199.01
4644,71,2023-04-09 14:04:20,COMPLETED,25,457.42
4645,204,2023-06-23 10:53:39,COMPLETED,22,713.62
4646,399,2025-09-26 11:46:51,COMPLETED,5,696.85
4647,291,2024-10-18 09:19:35,CANCELLED,22,850.70
4648,62,2025-01-21 04:55:00,COMPLETED,16,458.59
4649,7047,2024-07-07 04:14:55,CANCELLED,17,827.84
4650,406,2023-07-05 19:44:09,COMPLETED,2,383.84
4651,183,2023-09-06 07:33:46,CANCELLED,3,170.62
4652,309,2023-10-28 05:13:20,CANCELLED,22,340.76
4653,328,2023-06-06 03:32:20,REFUNDED,6,354.77
4654,175,2023-09-25 07:27:50,REFUNDED,8,42.92
4655,457,2024-01-31 15:30:40,COMPLETED,4,897.96
4656,473,2025-03-03 08:18:13,COMPLETED,10,134.70
4657,221,2025-04-23 04:53:04,CANCELLED,21,898.08
4658,429,2024-01-12 13:06:31,REFUNDED,13,643.23
4659,110,2025-04-26 00:58:22,REFUNDED,25,427.87
4660,333,2024-02-09 04:05:38,PENDING,24,83.53
4661,60,2023-11-25 11:45:54,COMPLETED,2,707.60
4662,158,2025-05-25 04:41:09,PENDING,25,313.58
4663,172,2024-02-23 09:51:40,CANCELLED,20,12.26
4664,236,2025-09-10 01:37:38,COMPLETED,8,534.00
4665,159,2023-08-22 18:42:23,REFUNDED,15,165.87
4666,311,2024-05-10 01:43:53,PENDING,9,329.96
4667,215,2025-08-09 22:28:25,CANCELLED,20,212.74
4668,200,2024-04-11 16:23:01,PENDING,18,863.86
4669,433,2024-07-07 14:42:05,COMPLETED,16,506.21
4670,372,2023-02-23 07:57:54,REFUNDED,17,137.53
4671,359,2024-08-04 06:20:19,CANCELLED,10,621.83
4672,177,2025-01-04 00:13:15,REFUNDED,2,200.35
4673,38,2025-08-29 22:34:55,COMPLETED,11,710.16
4674,53,2023-01-16 18:44:46,CANCELLED,2,189.73
4675,109,2025-08-30 13:07:21,COMPLETED,2,783.18
4676,235,2023-10-04 21:06:08,COMPLETED,6,568.30
4677,364,2023-03-31 14:47:22,PENDING,11,677.27
4678,463,2024-07-11 17:24:53,COMPLETED,21,604.80
4679,240,2025-02-03 14:47:43,COMPLETED,8,378.13
4680,100,2023-09-03 17:09:24,CANCELLED,6,755.53
4681,434,2025-06-25 21:19:02,COMPLETED,13,176.82
4682,467,2025-08-15 12:32:10,COMPLETED,5,585.11
4683,403,2025-08-14 14:24:34,COMPLETED,9,245.91
4684,493,2023-09-17 21:46:23,COMPLETED,12,600.79
4685,139,2023-11-14 21:09:31,COMPLETED,20,283.04
4686,285,2023-01-31 14:41:35,COMPLETED,22,329.61
4687,387,2023-05-26 17:22:30,PENDING,10,234.35
4688,197,2023-09-27 01:41:08,CANCELLED,10,261.42
4689,214,2023-05-05 15:37:23,COMPLETED,2,103.41
4690,179,2023-03-13 18:59:47,COMPLETED,1,891.94
4691,194,2024-12-23 20:03:30,COMPLETED,15,444.00
4692,45,2024-05-05 00:36:57,CANCELLED,4,33.39
4693,207,2024-03-03 03:43:55,COMPLETED,2,571.29
4694,221,2024-11-27 19:37:20,COMPLETED,23,367.54
4695,283,2023-04-30 03:19:18,PENDING,17,568.37
4696,365,2024-06-20 01:25:58,COMPLETED,2,455.72
4697,338,2023-05-23 10:34:16,COMPLETED,19,281.23
4698,13,2025-05-30 05:33:07,PENDING,8,550.82
4699,445,2024-02-04 06:31:48,REFUNDED,11,775.01
4700,107,2024-09-17 18:59:22,REFUNDED,21,606.63
4701,217,2024-08-04 18:53:49,COMPLETED,8,201.86
4702,345,2024-01-06 05:28:29,CANCELLED,1,43.37
4703,53,2023-05-18 22:25:30,PENDING,13,19.92
4704,486,2025-07-10 07:37:48,COMPLETED,23,881.93
4705,110,2023-07-25 22:33:47,COMPLETED,8,386.71
4706,50,2025-08-06 05:51:04,CANCELLED,22,365.73
4707,111,2023-06-21 08:53:24,COMPLETED,20,628.19
4708,157,2024-11-01 13:09:17,COMPLETED,8,285.60
4709,90,2024-05-06 14:07:49,COMPLETED,6,52.64
4710,398,2025-09-11 02:13:30,CANCELLED,24,541.92
4711,274,2024-11-07 03:09:44,COMPLETED,4,201.94
4712,418,2023-09-07 22:19:12,COMPLETED,16,828.68
4713,327,2025-09-13 14:14:40,CANCELLED,10,835.87
4714,160,2025-08-23 08:20:36,CANCELLED,13,79.35
4715,380,2024-11-09 00:11:07,COMPLETED,16,114.37
4716,31,2025-02-11 15:36:17,COMPLETED,11,411.76
4717,119,2023-05-18 13:28:31,COMPLETED,12,810.74
4718,298,2023-03-13 19:56:12,COMPLETED,13,440.20
4719,224,2023-08-02 10:43:21,CANCELLED,20,427.74
4720,254,2023-10-28 19:30:12,CANCELLED,25,39.31
4721,358,2025-05-23 12:20:54,COMPLETED,25,513.51
4722,469,2023-06-01 07:23:25,COMPLETED,11,488.63
4723,214,2023-07-11 13:47:55,COMPLETED,18,205.52
4724,308,2023-12-23 13:14:04,COMPLETED,21,818.63
4725,238,2025-09-14 18:49:55,COMPLETED,15,40.35
4726,444,2024-12-19 10:49:38,REFUNDED,16,252.87
4727,199,2023-12-03 09:42:10,REFUNDED,4,555.35
4728,114,2024-07-27 14:06:58,COMPLETED,17,331.15
4729,108,2023-04-04 03:48:07,COMPLETED,15,848.84
4730,123,2025-06-28 16:33:38,CANCELLED,6,117.40
4731,245,2025-04-26 08:34:39,PENDING,13,684.64
4732,113,2024-05-21 19:23:55,COMPLETED,4,208.05
4733,220,2023-07-15 01:15:19,CANCELLED,16,463.20
4734,321,2025-01-11 03:57:52,COMPLETED,15,141.53
4735,456,2025-02-22 18:22:59,COMPLETED,18,75.87
4736,168,2025-08-06 19:06:54,PENDING,22,13.21
4737,221,2024-02-28 16:23:38,PENDING,21,703.03
4738,423,2024-07-17 21:10:14,COMPLETED,15,818.92
4739,193,2025-07-17 04:00:14,COMPLETED,1,115.64
4740,159,2023-06-26 05:25:47,PENDING,18,274.24
4741,395,2023-07-07 23:15:27,PENDING,14,269.32
4742,199,2025-05-19 20:55:52,REFUNDED,4,78.99
4743,254,2025-08-19 07:08:21,REFUNDED,19,158.72
4744,146,2025-08-13 15:54:35,COMPLETED,9,281.13
4745,159,2025-07-27 16:39:04,COMPLETED,14,772.44
4746,37,2023-01-27 03:41:06,CANCELLED,21,627.25
4747,267,2023-12-17 18:15:52,COMPLETED,16,501.41
4748,354,2025-09-14 20:33:28,PENDING,19,301.07
4749,451,2025-04-30 14:17:56,CANCELLED,4,892.81
4750,409,2025-03-16 04:09:22,PENDING,6,31.15
4751,202,2024-10-26 04:48:28,REFUNDED,21,818.09
4752,444,2024-12-26 20:47:41,REFUNDED,18,897.21
4753,360,2025-03-24 04:54:11,PENDING,13,755.62
4754,500,2024-05-19 19:32:37,COMPLETED,21,842.42
4755,388,2025-06-05 11:26:17,REFUNDED,4,748.01
4756,280,2023-04-14 08:37:57,COMPLETED,6,232.41
4757,269,2023-03-21 05:29:51,COMPLETED,19,62.92
4758,415,2024-06-04 21:14:36,COMPLETED,5,477.14
4759,202,2024-07-26 14:38:27,COMPLETED,20,460.56
4760,135,2025-04-01 14:08:49,COMPLETED,22,898.81
4761,100,2024-03-05 14:53:39,CANCELLED,8,14.74
4762,188,2024-05-29 14:15:33,PENDING,5,461.78
4763,169,2023-08-22 05:12:46,CANCELLED,19,404.34
4764,117,2024-11-21 04:21:33,PENDING,12,223.31
4765,5,2024-11-15 13:07:07,CANCELLED,16,31.18
4766,92,2023-08-31 07:03:01,COMPLETED,9,346.14
4767,143,2023-02-15 19:43:43,PENDING,19,449.89
4768,395,2024-06-21 11:00:54,REFUNDED,19,299.49
4769,122,2024-06-23 13:02:22,CANCELLED,6,333.53
4770,252,2024-06-09 02:09:29,COMPLETED,16,667.73
4771,366,2024-12-26 03:05:18,PENDING,4,102.68
4772,460,2023-01-31 02:41:10,REFUNDED,18,349.99
4773,145,2024-02-21 21:21:30,COMPLETED,9,358.77
4774,481,2023-04-20 21:06:29,REFUNDED,16,898.02
4775,85,2025-04-23 10:01:02,COMPLETED,15,469.64
4776,288,2025-05-06 20:36:40,CANCELLED,18,688.41
4777,369,2024-07-02 04:20:27,PENDING,3,281.69
4778,297,2024-02-14 16:07:18,PENDING,18,48.99
4779,409,2023-02-08 23:05:54,COMPLETED,6,875.09
4780,101,2024-01-31 08:07:30,COMPLETED,4,605.80
4781,229,2023-01-02 08:30:59,CANCELLED,21,585.43
4782,32,2024-01-28 16:11:22,COMPLETED,10,178.08
4783,274,2024-07-02 01:28:15,COMPLETED,22,465.68
4784,380,2023-09-12 03:40:24,PENDING,16,13.43
4785,480,2024-06-14 20:42:04,REFUNDED,25,556.03
4786,351,2024-06-02 16:54:26,PENDING,4,819.03
4787,376,2024-04-30 22:46:31,PENDING,22,724.74
4788,310,2024-04-30 12:41:49,REFUNDED,23,8.55
4789,122,2025-09-08 21:01:35,CANCELLED,13,152.51
4790,354,2025-06-16 11:36:38,PENDING,1,184.95
4791,169,2023-05-13 21:26:26,COMPLETED,14,215.59
4792,205,2024-09-07 13:57:44,COMPLETED,5,749.91
4793,151,2025-08-13 14:19:08,COMPLETED,14,704.31
4794,12,2024-04-08 03:35:24,COMPLETED,16,483.30
4795,493,2024-06-15 07:47:10,CANCELLED,15,517.03
4796,423,2023-09-03 02:10:15,PENDING,25,592.72
4797,90,2025-01-20 22:09:39,COMPLETED,12,312.27
4798,360,2023-01-15 16:34:30,COMPLETED,10,211.83
4799,457,2025-07-11 13:50:03,PENDING,11,237.19
4800,199,2024-12-30 19:06:41,COMPLETED,-1,516.67
4801,365,2024-09-01 02:47:45,COMPLETED,24,161.61
4802,358,2025-07-13 22:48:39,COMPLETED,2,503.23
4803,367,2024-12-16 03:43:50,COMPLETED,14,543.31
4804,436,2023-01-06 15:01:59,COMPLETED,5,51.78
4805,108,2023-09-22 08:51:59,COMPLETED,16,545.24
4806,347,2023-04-15 14:23:35,PENDING,22,215.37
4807,402,2025-08-02 23:32:03,PENDING,6,871.28
4808,464,2024-04-26 20:23:59,REFUNDED,9,723.90
4809,317,2025-02-07 00:59:55,CANCELLED,8,899.40
4810,174,2024-03-13 09:07:25,PENDING,18,627.48
4811,38,2025-07-18 07:27:51,REFUNDED,20,594.80
4812,133,2023-07-04 19:33:15,COMPLETED,3,774.33
4813,272,2023-01-20 07:44:09,COMPLETED,5,869.63
4814,294,2024-05-21 19:24:23,COMPLETED,3,396.83
4815,331,2024-03-24 21:47:59,PENDING,15,407.21
4816,181,2024-06-21 19:59:48,COMPLETED,25,557.05
4817,222,2025-03-03 11:02:42,COMPLETED,10,729.47
4818,424,2023-10-24 21:11:56,PENDING,16,546.39
4819,62,2024-01-29 02:10:57,COMPLETED,12,158.53
4820,210,2024-11-02 22:20:19,CANCELLED,6,98.94
4821,32,2025-04-29 16:08:55,COMPLETED,3,441.18
4822,257,2025-01-21 07:47:37,PENDING,21,771.63
4823,271,2023-05-04 07:23:55,COMPLETED,8,793.92
4824,439,2024-02-12 09:57:20,COMPLETED,2,263.67
4825,415,2024-10-29 23:17:41,CANCELLED,23,363.96
4826,222,2024-06-06 11:24:49,REFUNDED,8,579.51
4827,322,2024-04-06 00:58:31,REFUNDED,2,167.84
4828,155,2025-08-31 01:43:43,COMPLETED,2,509.74
4829,342,2024-06-18 12:07:09,COMPLETED,13,206.26
4830,389,2024-06-19 03:49:39,COMPLETED,15,315.39
4831,38,2023-10-25 11:14:48,REFUNDED,19,568.81
4832,402,2023-11-10 05:26:34,COMPLETED,23,851.55
4833,146,2024-08-02 14:57:43,COMPLETED,13,98.75
4834,69,2023-12-12 10:01:56,CANCELLED,18,394.28
4835,57,2024-06-26 02:04:01,CANCELLED,17,357.52
4836,6806,2023-07-20 01:55:29,PENDING,11,379.08
4837,176,2024-09-12 16:18:41,COMPLETED,18,524.22
4838,384,2024-02-11 11:30:59,PENDING,2,873.21
4839,461,2024-10-14 20:17:03,CANCELLED,24,40.25
4840,105,2023-07-16 02:19:56,COMPLETED,1,275.46
4841,247,2025-03-01 12:34:32,COMPLETED,15,733.06
4842,70,2023-09-13 23:58:25,REFUNDED,24,792.06
4843,248,2025-04-02 15:58:48,COMPLETED,7,486.58
4844,447,2024-09-14 03:11:02,COMPLETED,8,228.03
4845,324,2025-09-25 17:51:33,PENDING,11,693.43
4846,1,2024-08-09 01:42:53,COMPLETED,22,680.30
4847,379,2023-02-27 05:43:12,CANCELLED,20,35.07
4848,119,2025-08-25 23:19:13,REFUNDED,10,376.53
4849,151,2023-07-05 12:54:10,COMPLETED,24,84.48
4850,382,2025-09-15 12:47:09,COMPLETED,21,798.29
4851,160,2024-01-15 11:26:32,COMPLETED,24,401.23
4852,98,2024-10-19 19:38:24,COMPLETED,2,131.64
4853,226,2023-04-24 08:56:53,REFUNDED,8,477.89
4854,303,2025-09-04 16:53:15,PENDING,19,22.97
4855,183,2024-05-15 02:03:01,COMPLETED,2,705.31
4856,206,2025-06-01 02:17:05,REFUNDED,8,169.85
4857,387,2023-12-08 07:57:04,PENDING,11,448.52
4858,120,2024-11-02 03:41:03,REFUNDED,2,63.61
4859,486,2023-07-23 14:31:07,CANCELLED,23,454.65
4860,487,2023-07-18 17:59:57,COMPLETED,20,86.83
4861,107,2023-07-21 15:35:39,COMPLETED,6,477.22
4862,58,2025-07-31 22:10:58,CANCELLED,7,637.41
4863,215,2023-02-01 00:52:28,COMPLETED,10,839.31
4864,324,2024-02-09 18:12:43,COMPLETED,10,776.13
4865,25,2023-03-04 00:51:06,REFUNDED,2,664.21
4866,440,2025-09-08 09:38:54,REFUNDED,24,62.34
4867,265,2024-03-10 02:06:33,COMPLETED,3,152.50
4868,3,2025-09-06 14:07:42,PENDING,6,174.01
4869,354,2023-08-10 13:44:30,CANCELLED,6,317.30
4870,133,2024-05-22 12:01:15,CANCELLED,9,833.75
4871,388,2024-03-09 01:14:51,COMPLETED,13,243.97
4872,337,2023-10-30 16:20:16,COMPLETED,-5,376.69
4873,442,2025-02-21 13:20:59,REFUNDED,5,863.82
4874,346,2024-10-30 23:19:06,REFUNDED,0,117.86
4875,126,2023-04-28 02:02:28,COMPLETED,13,396.59
4876,274,2025-04-26 11:12:19,PENDING,6,672.98
4877,282,2025-07-31 09:22:48,COMPLETED,8,740.23
4878,26,2024-05-21 10:26:57,COMPLETED,19,453.63
4879,41,2023-11-12 18:24:19,CANCELLED,5,508.40
4880,341,2023-05-10 15:18:25,COMPLETED,14,35.50
4881,388,2024-10-18 10:23:28,COMPLETED,23,529.58
4882,440,2025-02-14 16:10:37,CANCELLED,14,526.24
4883,343,2024-02-05 08:35:01,REFUNDED,22,585.78
4884,289,2023-08-24 17:19:07,COMPLETED,20,700.05
4885,127,2023-12-31 08:10:54,COMPLETED,5,208.64
4886,33,2025-06-01 22:36:57,PENDING,24,736.77
4887,101,2023-06-21 03:41:59,COMPLETED,9,750.27
4888,103,2025-02-25 23:35:55,PENDING,18,403.10
4889,460,2025-03-20 23:41:36,REFUNDED,18,383.97
4890,145,2024-08-04 13:08:00,COMPLETED,2,516.55
4891,114,2025-05-30 12:39:32,CANCELLED,23,370.67
4892,177,2024-03-08 10:22:38,COMPLETED,8,94.92
4893,472,2024-09-22 19:42:11,COMPLETED,19,589.51
4894,146,2023-03-01 10:47:22,REFUNDED,15,364.90
4895,240,2024-06-26 10:38:58,COMPLETED,7,732.50
4896,177,2025-08-13 02:18:55,COMPLETED,14,518.37
4897,134,2023-02-17 23:49:56,REFUNDED,11,453.88
4898,136,2023-12-15 01:09:25,COMPLETED,1,108.29
4899,211,2024-03-13 04:40:45,PENDING,9,766.83
4900,224,2023-08-20 21:44:01,COMPLETED,12,892.12
4901,25,2024-06-22 07:52:36,CANCELLED,6,606.72
4902,254,2024-08-31 11:34:19,PENDING,21,802.97
4903,268,2025-09-09 14:50:43,COMPLETED,3,261.34
4904,446,2023-10-28 07:38:09,REFUNDED,18,772.23
4905,79,2023-12-16 12:39:34,COMPLETED,22,698.27
4906,187,2025-03-08 18:41:39,REFUNDED,11,90.75
4907,340,2024-05-13 21:09:51,COMPLETED,10,771.39
4908,98,2023-07-01 19:21:16,REFUNDED,24,209.98
4909,449,2023-09-06 21:57:17,COMPLETED,7,353.20
4910,237,2023-04-07 10:03:03,COMPLETED,23,213.85
4911,124,2025-05-14 11:41:41,COMPLETED,24,543.45
4912,441,2023-12-16 20:15:01,PENDING,1,823.91
4913,362,2024-09-10 13:11:38,PENDING,20,468.68
4914,355,2023-05-30 16:22:15,COMPLETED,8,571.35
4915,214,2024-01-09 15:42:49,PENDING,1,850.92
4916,159,2024-04-16 17:44:25,CANCELLED,17,263.11
4917,230,2024-12-15 23:09:21,REFUNDED,9,722.51
4918,63,2024-01-22 17:31:41,PENDING,1,799.65
4919,338,2024-12-16 18:08:58,COMPLETED,14,94.12
4920,25,2023-04-27 00:58:40,COMPLETED,14,718.31
4921,240,2024-12-29 14:58:44,CANCELLED,11,682.41
4922,236,2024-08-01 00:51:25,REFUNDED,2,667.93
4923,103,2025-08-29 01:19:45,CANCELLED,5,156.56
4924,359,2024-10-28 08:11:29,COMPLETED,3,7.90
4925,75,2024-11-09 23:59:17,REFUNDED,18,673.27
4926,458,2023-03-06 13:47:54,CANCELLED,14,604.18
4927,241,2025-04-21 01:47:57,PENDING,11,13.21
4928,316,2023-05-01 21:38:11,COMPLETED,1,371.07
4929,350,2025-03-23 00:17:32,COMPLETED,24,728.54
4930,87,2023-04-07 06:57:07,COMPLETED,17,601.50
4931,211,2025-09-14 01:40:08,COMPLETED,20,873.67
4932,17,2024-12-16 01:03:18,CANCELLED,14,388.24
4933,276,2024-05-14 05:29:50,REFUNDED,10,805.78
4934,124,2025-05-09 16:13:01,CANCELLED,13,557.33
4935,454,2024-09-30 02:00:50,COMPLETED,20,230.30
4936,410,2025-06-12 20:18:32,COMPLETED,7,375.23
4937,296,2023-11-07 01:03:42,COMPLETED,11,679.74
4938,88,2023-06-30 04:50:19,PENDING,25,326.59
4939,338,2023-01-24 18:17:23,CANCELLED,16,704.30
4940,495,2023-02-03 14:17:49,COMPLETED,3,180.21
4941,245,2023-05-23 02:44:07,CANCELLED,22,665.31
4942,432,2024-12-08 18:38:59,PENDING,18,302.67
4943,104,2024-06-05 06:26:06,PENDING,4,18.99
4944,216,2023-12-15 09:21:02,COMPLETED,15,787.80
4945,41,2024-12-13 05:33:54,COMPLETED,13,676.42
4946,333,2023-03-22 14:21:56,PENDING,23,593.57
4947,84,2024-08-09 22:54:49,PENDING,13,687.78
4948,176,2023-05-12 14:01:30,COMPLETED,18,371.73
4949,420,2024-07-17 11:39:20,CANCELLED,8,843.67
4950,67,2025-03-01 06:27:28,COMPLETED,17,459.10
4951,299,2025-04-10 09:13:08,COMPLETED,9,52.94
4952,329,2025-04-26 09:42:52,COMPLETED,7,628.75
4953,165,2024-10-10 13:58:10,COMPLETED,15,470.56
4954,222,2024-07-29 21:20:44,COMPLETED,16,437.21
4955,91,2024-05-26 01:21:51,COMPLETED,18,430.20
4956,432,2024-11-03 10:42:49,CANCELLED,9,761.92
4957,52,2024-10-02 06:35:51,COMPLETED,6,783.24
4958,389,2023-12-03 04:09:06,CANCELLED,5,291.03
4959,270,2023-08-10 10:12:10,COMPLETED,3,546.84
4960,133,2025-04-08 03:17:43,CANCELLED,23,140.72
4961,103,2024-07-29 17:46:03,COMPLETED,11,493.44
4962,328,2024-06-20 16:04:13,COMPLETED,16,810.37
4963,148,2023-02-20 22:35:30,COMPLETED,18,673.80
4964,486,2025-07-07 09:47:19,COMPLETED,23,635.71
4965,60,2024-02-13 20:46:07,COMPLETED,11,136.40
4966,432,2024-10-16 22:03:57,CANCELLED,6,617.24
4967,450,2023-05-16 12:35:29,PENDING,20,639.12
4968,355,2024-11-22 19:31:12,CANCELLED,4,409.24
4969,454,2023-12-16 10:23:05,COMPLETED,12,706.29
4970,351,2023-05-17 17:55:12,CANCELLED,22,94.30
4971,439,2023-11-13 16:43:05,REFUNDED,11,161.75
4972,126,2023-10-05 18:23:50,PENDING,18,824.39
4973,251,2023-08-15 14:42:39,CANCELLED,24,808.90
4974,466,2024-02-09 06:46:02,COMPLETED,20,748.12
4975,160,2023-09-13 18:01:13,REFUNDED,10,114.42
4976,241,2025-02-10 03:59:51,REFUNDED,15,212.86
4977,297,2025-07-24 09:31:57,COMPLETED,17,284.76
4978,182,2023-11-02 03:28:46,PENDING,11,343.52
4979,217,2023-03-10 07:53:55,COMPLETED,14,615.22
4980,212,2024-07-31 15:43:11,REFUNDED,1,678.04
4981,174,2025-06-19 15:00:09,CANCELLED,18,525.42
4982,163,2023-03-10 20:55:10,REFUNDED,20,374.23
4983,35,2025-09-21 23:04:52,PENDING,1,442.40
4984,321,2024-12-18 11:41:09,COMPLETED,20,509.51
4985,294,2024-08-31 02:09:11,COMPLETED,4,877.03
4986,290,2025-05-09 11:44:41,PENDING,20,681.55
4987,212,2023-09-30 14:10:46,COMPLETED,24,65.40
4988,29,2023-10-05 07:02:40,REFUNDED,9,153.74
4989,41,2024-08-01 12:47:56,REFUNDED,-1,527.97
4990,82,2024-07-31 05:25:36,COMPLETED,6,195.55
4991,388,2023-04-11 22:55:30,COMPLETED,20,615.20
4992,103,2025-07-09 03:47:59,REFUNDED,8,620.41
4993,414,2023-09-11 09:58:37,PENDING,1,31.47
4994,254,2024-04-03 22:20:48,COMPLETED,24,16.45
4995,326,2024-02-25 09:03:31,COMPLETED,16,97.01
4996,458,2024-03-31 15:26:43,COMPLETED,9,482.23
4997,374,2024-03-26 15:14:03,COMPLETED,6,344.96
4998,52,2023-06-13 04:55:32,REFUNDED,13,227.09
4999,173,2024-03-12 18:58:22,REFUNDED,1,579.19
5000,132,2023-09-25 18:30:19,COMPLETED,5,431.53
